SO,Fase,Variable_o_Escenario,Valor_o_Latencia,Jitter_ms,Perdida_pct,TLS,Iteracion,time_connect,time_appconnect,handshake_ms,time_total,http_code,status
macOS,Parametro,Latencia,0,0,0,tls13,1,0.045815,0.099032,53.217,0.342534,200,OK
macOS,Parametro,Latencia,0,0,0,tls13,2,0.011627,0.053723,42.096,0.182193,200,OK
macOS,Parametro,Latencia,0,0,0,tls13,3,0.020156,0.150905,130.749,0.502145,200,OK
macOS,Parametro,Latencia,0,0,0,tls13,4,0.028181,2.447396,2419.215,2.865905,200,OK
macOS,Parametro,Latencia,0,0,0,tls13,5,0.143803,0.54447,400.667,0.684838,200,OK
macOS,Parametro,Latencia,0,0,0,tls13,6,0.046026,0.137344,91.318,0.284716,200,OK
macOS,Parametro,Latencia,0,0,0,tls13,7,0.115892,0.246847,130.955,0.471161,200,OK
macOS,Parametro,Latencia,0,0,0,tls13,8,0.04786,0.144058,96.198,0.410741,200,OK
macOS,Parametro,Latencia,0,0,0,tls13,9,0.014024,0.061891,47.867,0.244085,200,OK
macOS,Parametro,Latencia,0,0,0,tls13,10,0.011799,0.139633,127.834,0.284303,200,OK
macOS,Parametro,Latencia,0,0,0,tls13,11,0.016657,0.154245,137.588,0.36675,200,OK
macOS,Parametro,Latencia,0,0,0,tls13,12,0.012828,0.06823,55.402,0.309355,200,OK
macOS,Parametro,Latencia,0,0,0,tls13,13,0.104107,0.145044,40.937,0.289886,200,OK
macOS,Parametro,Latencia,0,0,0,tls13,14,0.011773,0.117226,105.453,0.333673,200,OK
macOS,Parametro,Latencia,0,0,0,tls13,15,0.010145,0.051262,41.117,0.164721,200,OK
macOS,Parametro,Latencia,0,0,0,tls13,16,0.087852,0.133632,45.78,0.299942,200,OK
macOS,Parametro,Latencia,0,0,0,tls13,17,0.010249,0.049082,38.833,0.178542,200,OK
macOS,Parametro,Latencia,0,0,0,tls13,18,0.081952,0.123161,41.209,0.256387,200,OK
macOS,Parametro,Latencia,0,0,0,tls13,19,0.011996,0.056578,44.582,0.175662,200,OK
macOS,Parametro,Latencia,0,0,0,tls13,20,0.100169,0.15527,55.101,0.311232,200,OK
macOS,Parametro,Latencia,0,0,0,tls13,21,0.013555,0.057762,44.207,0.318326,200,OK
macOS,Parametro,Latencia,0,0,0,tls13,22,0.011305,0.055219,43.914,0.19358,200,OK
macOS,Parametro,Latencia,0,0,0,tls13,23,0.013124,0.054321,41.197,0.253221,200,OK
macOS,Parametro,Latencia,0,0,0,tls13,24,0.011319,0.055262,43.943,0.193017,200,OK
macOS,Parametro,Latencia,0,0,0,tls13,25,0.01107,0.053276,42.206,0.264289,200,OK
macOS,Parametro,Latencia,0,0,0,tls13,26,0.011082,0.050698,39.616,0.169789,200,OK
macOS,Parametro,Latencia,0,0,0,tls13,27,0.010791,0.055994,45.203,0.277718,200,OK
macOS,Parametro,Latencia,0,0,0,tls13,28,0.012276,0.053437,41.161,0.183543,200,OK
macOS,Parametro,Latencia,0,0,0,tls13,29,0.016893,0.059619,42.726,0.17251,200,OK
macOS,Parametro,Latencia,0,0,0,tls13,30,0.012398,0.054616,42.218,0.166159,200,OK
macOS,Parametro,Latencia,0,0,0,tls13,31,0.011947,0.055153,43.206,0.183105,200,OK
macOS,Parametro,Latencia,0,0,0,tls13,32,0.014183,0.055728,41.545,0.200241,200,OK
macOS,Parametro,Latencia,0,0,0,tls13,33,0.012727,0.054864,42.137,0.191149,200,OK
macOS,Parametro,Latencia,0,0,0,tls13,34,0.013158,0.054769,41.611,0.18784,200,OK
macOS,Parametro,Latencia,0,0,0,tls13,35,0.01111,0.052785,41.675,0.187986,200,OK
macOS,Parametro,Latencia,0,0,0,tls13,36,0.01112,0.052985,41.865,0.163367,200,OK
macOS,Parametro,Latencia,0,0,0,tls13,37,0.012306,0.054401,42.095,0.173445,200,OK
macOS,Parametro,Latencia,0,0,0,tls13,38,0.013559,0.055218,41.659,0.195948,200,OK
macOS,Parametro,Latencia,0,0,0,tls13,39,0.012092,0.055182,43.09,0.174806,200,OK
macOS,Parametro,Latencia,0,0,0,tls13,40,0.012498,0.05779,45.292,0.185582,200,OK
macOS,Parametro,Latencia,0,0,0,tls13,41,0.015199,0.061699,46.5,0.20258,200,OK
macOS,Parametro,Latencia,0,0,0,tls13,42,0.011957,0.052661,40.704,0.184331,200,OK
macOS,Parametro,Latencia,0,0,0,tls13,43,0.010355,0.052517,42.162,0.167997,200,OK
macOS,Parametro,Latencia,0,0,0,tls13,44,0.011174,0.054671,43.497,0.186773,200,OK
macOS,Parametro,Latencia,0,0,0,tls13,45,0.011465,0.053642,42.177,0.192701,200,OK
macOS,Parametro,Latencia,0,0,0,tls13,46,0.01185,0.052795,40.945,0.237268,200,OK
macOS,Parametro,Latencia,0,0,0,tls13,47,0.016662,0.059665,43.003,0.182983,200,OK
macOS,Parametro,Latencia,0,0,0,tls13,48,0.012098,0.053651,41.553,0.168528,200,OK
macOS,Parametro,Latencia,0,0,0,tls13,49,0.01164,0.054401,42.761,0.185453,200,OK
macOS,Parametro,Latencia,0,0,0,tls13,50,0.011031,0.05416,43.129,0.191521,200,OK
macOS,Parametro,Latencia,50,0,0,tls13,1,0.063667,0.160133,96.466,0.441377,200,OK
macOS,Parametro,Latencia,50,0,0,tls13,2,0.062074,0.15635,94.276,0.43684,200,OK
macOS,Parametro,Latencia,50,0,0,tls13,3,0.062183,0.15577,93.587,0.425522,200,OK
macOS,Parametro,Latencia,50,0,0,tls13,4,0.062381,0.159023,96.642,0.421915,200,OK
macOS,Parametro,Latencia,50,0,0,tls13,5,0.06099,0.154621,93.631,0.446213,200,OK
macOS,Parametro,Latencia,50,0,0,tls13,6,0.061571,0.157512,95.941,0.418028,200,OK
macOS,Parametro,Latencia,50,0,0,tls13,7,0.062011,0.155026,93.015,0.424159,200,OK
macOS,Parametro,Latencia,50,0,0,tls13,8,0.067711,0.163511,95.8,0.445119,200,OK
macOS,Parametro,Latencia,50,0,0,tls13,9,0.062729,0.155941,93.212,0.440049,200,OK
macOS,Parametro,Latencia,50,0,0,tls13,10,0.061473,0.155297,93.824,0.419375,200,OK
macOS,Parametro,Latencia,50,0,0,tls13,11,0.06381,0.161598,97.788,0.426808,200,OK
macOS,Parametro,Latencia,50,0,0,tls13,12,0.060803,0.155125,94.322,0.41745,200,OK
macOS,Parametro,Latencia,50,0,0,tls13,13,0.061681,0.152317,90.636,0.448997,200,OK
macOS,Parametro,Latencia,50,0,0,tls13,14,0.060966,0.14969,88.724,0.431666,200,OK
macOS,Parametro,Latencia,50,0,0,tls13,15,0.060794,0.15709,96.296,0.447148,200,OK
macOS,Parametro,Latencia,50,0,0,tls13,16,0.065295,0.159514,94.219,0.436965,200,OK
macOS,Parametro,Latencia,50,0,0,tls13,17,0.061859,0.1567,94.841,0.42056,200,OK
macOS,Parametro,Latencia,50,0,0,tls13,18,0.064645,0.158895,94.25,0.426477,200,OK
macOS,Parametro,Latencia,50,0,0,tls13,19,0.061574,0.16158,100.006,0.432354,200,OK
macOS,Parametro,Latencia,50,0,0,tls13,20,0.063007,0.16031,97.303,0.44719,200,OK
macOS,Parametro,Latencia,50,0,0,tls13,21,0.062444,0.156766,94.322,0.437193,200,OK
macOS,Parametro,Latencia,50,0,0,tls13,22,0.061252,0.153109,91.857,0.530482,200,OK
macOS,Parametro,Latencia,50,0,0,tls13,23,0.060606,0.154242,93.636,0.436592,200,OK
macOS,Parametro,Latencia,50,0,0,tls13,24,0.062769,0.156864,94.095,0.437637,200,OK
macOS,Parametro,Latencia,50,0,0,tls13,25,0.061595,0.157572,95.977,0.438114,200,OK
macOS,Parametro,Latencia,50,0,0,tls13,26,0.06133,0.154153,92.823,0.416507,200,OK
macOS,Parametro,Latencia,50,0,0,tls13,27,0.063231,0.154957,91.726,0.434837,200,OK
macOS,Parametro,Latencia,50,0,0,tls13,28,0.06407,0.157069,92.999,0.440355,200,OK
macOS,Parametro,Latencia,50,0,0,tls13,29,0.060785,0.155114,94.329,0.416237,200,OK
macOS,Parametro,Latencia,50,0,0,tls13,30,0.066111,0.161443,95.332,0.558871,200,OK
macOS,Parametro,Latencia,50,0,0,tls13,31,0.061847,0.157899,96.052,0.445375,200,OK
macOS,Parametro,Latencia,50,0,0,tls13,32,0.06367,0.160846,97.176,0.439588,200,OK
macOS,Parametro,Latencia,50,0,0,tls13,33,0.062214,0.155338,93.124,0.42501,200,OK
macOS,Parametro,Latencia,50,0,0,tls13,34,0.063882,0.165195,101.313,0.44857,200,OK
macOS,Parametro,Latencia,50,0,0,tls13,35,0.063909,0.16551,101.601,0.560785,200,OK
macOS,Parametro,Latencia,50,0,0,tls13,36,0.062155,0.157001,94.846,0.426132,200,OK
macOS,Parametro,Latencia,50,0,0,tls13,37,0.06254,0.153792,91.252,0.534506,200,OK
macOS,Parametro,Latencia,50,0,0,tls13,38,,,,,000,ERROR
macOS,Parametro,Latencia,50,0,0,tls13,39,,,,,000,ERROR
macOS,Parametro,Latencia,50,0,0,tls13,40,,,,,000,ERROR
macOS,Parametro,Latencia,50,0,0,tls13,41,3.803657,3.900059,96.402,4.257037,200,OK
macOS,Parametro,Latencia,50,0,0,tls13,42,0.061495,0.154119,92.624,0.600725,200,OK
macOS,Parametro,Latencia,50,0,0,tls13,43,0.068465,0.202541,134.076,0.518064,200,OK
macOS,Parametro,Latencia,50,0,0,tls13,44,0.13297,0.225897,92.927,0.551314,200,OK
macOS,Parametro,Latencia,50,0,0,tls13,45,0.074685,0.264086,189.401,0.784838,200,OK
macOS,Parametro,Latencia,50,0,0,tls13,46,0.061549,0.154495,92.946,0.622118,200,OK
macOS,Parametro,Latencia,50,0,0,tls13,47,0.062928,0.195915,132.987,0.501569,200,OK
macOS,Parametro,Latencia,50,0,0,tls13,48,0.144872,0.340669,195.797,0.696932,200,OK
macOS,Parametro,Latencia,50,0,0,tls13,49,0.115807,0.206238,90.431,0.642641,200,OK
macOS,Parametro,Latencia,50,0,0,tls13,50,0.069429,0.176152,106.723,0.608999,200,OK
macOS,Parametro,Latencia,100,0,0,tls13,1,0.112793,0.275658,162.865,0.901289,200,OK
macOS,Parametro,Latencia,100,0,0,tls13,2,0.151162,0.380607,229.445,0.907643,200,OK
macOS,Parametro,Latencia,100,0,0,tls13,3,0.113095,0.274071,160.976,0.772879,200,OK
macOS,Parametro,Latencia,100,0,0,tls13,4,0.147046,0.293871,146.825,0.997391,200,OK
macOS,Parametro,Latencia,100,0,0,tls13,5,0.166336,0.32026,153.924,0.867439,200,OK
macOS,Parametro,Latencia,100,0,0,tls13,6,0.111445,0.330873,219.428,0.975725,200,OK
macOS,Parametro,Latencia,100,0,0,tls13,7,0.13532,0.376263,240.943,0.97445,200,OK
macOS,Parametro,Latencia,100,0,0,tls13,8,0.163857,0.418512,254.655,1.027282,200,OK
macOS,Parametro,Latencia,100,0,0,tls13,9,0.153048,0.301746,148.698,0.789015,200,OK
macOS,Parametro,Latencia,100,0,0,tls13,10,0.120807,0.265786,144.979,0.698955,200,OK
macOS,Parametro,Latencia,100,0,0,tls13,11,0.166265,0.395271,229.006,1.024825,200,OK
macOS,Parametro,Latencia,100,0,0,tls13,12,0.140909,0.371376,230.467,0.977867,200,OK
macOS,Parametro,Latencia,100,0,0,tls13,13,0.135794,0.358555,222.761,0.982056,200,OK
macOS,Parametro,Latencia,100,0,0,tls13,14,0.162031,0.391419,229.388,0.925756,200,OK
macOS,Parametro,Latencia,100,0,0,tls13,15,0.112147,0.282179,170.032,0.80178,200,OK
macOS,Parametro,Latencia,100,0,0,tls13,16,0.127685,0.271877,144.192,0.97512,200,OK
macOS,Parametro,Latencia,100,0,0,tls13,17,0.157454,0.300423,142.969,1.00693,200,OK
macOS,Parametro,Latencia,100,0,0,tls13,18,0.158626,0.304599,145.973,0.855635,200,OK
macOS,Parametro,Latencia,100,0,0,tls13,19,0.121944,0.34319,221.246,0.975141,200,OK
macOS,Parametro,Latencia,100,0,0,tls13,20,0.145097,0.379132,234.035,1.007711,200,OK
macOS,Parametro,Latencia,100,0,0,tls13,21,0.146465,0.37796,231.495,1.013114,200,OK
macOS,Parametro,Latencia,100,0,0,tls13,22,0.145373,0.372253,226.88,1.008461,200,OK
macOS,Parametro,Latencia,100,0,0,tls13,23,0.146155,0.37601,229.855,0.978785,200,OK
macOS,Parametro,Latencia,100,0,0,tls13,24,0.18989,0.418451,228.561,0.945089,200,OK
macOS,Parametro,Latencia,100,0,0,tls13,25,0.112197,0.292137,179.94,0.80787,200,OK
macOS,Parametro,Latencia,100,0,0,tls13,26,0.130048,0.276804,146.756,0.977539,200,OK
macOS,Parametro,Latencia,100,0,0,tls13,27,0.113565,0.259132,145.567,0.74654,200,OK
macOS,Parametro,Latencia,100,0,0,tls13,28,0.112134,0.265502,153.368,0.755603,200,OK
macOS,Parametro,Latencia,100,0,0,tls13,29,0.110317,0.255015,144.698,0.705344,200,OK
macOS,Parametro,Latencia,100,0,0,tls13,30,0.112043,0.256255,144.212,0.695318,200,OK
macOS,Parametro,Latencia,100,0,0,tls13,31,0.112819,0.261894,149.075,0.672218,200,OK
macOS,Parametro,Latencia,100,0,0,tls13,32,0.113939,0.257095,143.156,0.675126,200,OK
macOS,Parametro,Latencia,100,0,0,tls13,33,0.12012,0.264524,144.404,0.680712,200,OK
macOS,Parametro,Latencia,100,0,0,tls13,34,0.116539,0.263023,146.484,0.695335,200,OK
macOS,Parametro,Latencia,100,0,0,tls13,35,0.11427,0.25773,143.46,0.697574,200,OK
macOS,Parametro,Latencia,100,0,0,tls13,36,0.112591,0.267703,155.112,0.804511,200,OK
macOS,Parametro,Latencia,100,0,0,tls13,37,0.112364,0.258153,145.789,0.694432,200,OK
macOS,Parametro,Latencia,100,0,0,tls13,38,0.117502,0.269869,152.367,0.703581,200,OK
macOS,Parametro,Latencia,100,0,0,tls13,39,0.113495,0.264466,150.971,0.705031,200,OK
macOS,Parametro,Latencia,100,0,0,tls13,40,0.114502,0.258906,144.404,0.689202,200,OK
macOS,Parametro,Latencia,100,0,0,tls13,41,0.111475,0.261023,149.548,0.687716,200,OK
macOS,Parametro,Latencia,100,0,0,tls13,42,0.111837,0.255424,143.587,0.6639,200,OK
macOS,Parametro,Latencia,100,0,0,tls13,43,0.112865,0.256353,143.488,0.688816,200,OK
macOS,Parametro,Latencia,100,0,0,tls13,44,0.111999,0.262794,150.795,0.720296,200,OK
macOS,Parametro,Latencia,100,0,0,tls13,45,0.11408,0.263599,149.519,0.792068,200,OK
macOS,Parametro,Latencia,100,0,0,tls13,46,0.111803,0.255548,143.745,0.690928,200,OK
macOS,Parametro,Latencia,100,0,0,tls13,47,0.112332,0.257932,145.6,0.665625,200,OK
macOS,Parametro,Latencia,100,0,0,tls13,48,0.11646,0.265806,149.346,0.824966,200,OK
macOS,Parametro,Latencia,100,0,0,tls13,49,0.115562,0.258149,142.587,0.688071,200,OK
macOS,Parametro,Latencia,100,0,0,tls13,50,0.113422,0.256582,143.16,0.691386,200,OK
macOS,Parametro,Latencia,200,0,0,tls13,1,0.212014,0.453422,241.408,1.169933,200,OK
macOS,Parametro,Latencia,200,0,0,tls13,2,0.214323,0.474894,260.571,1.208456,200,OK
macOS,Parametro,Latencia,200,0,0,tls13,3,0.212998,0.461631,248.633,1.189743,200,OK
macOS,Parametro,Latencia,200,0,0,tls13,4,0.21266,0.45649,243.83,1.193523,200,OK
macOS,Parametro,Latencia,200,0,0,tls13,5,0.215622,0.458975,243.353,1.186109,200,OK
macOS,Parametro,Latencia,200,0,0,tls13,6,0.217884,0.46857,250.686,1.196689,200,OK
macOS,Parametro,Latencia,200,0,0,tls13,7,0.213511,0.462163,248.652,1.195736,200,OK
macOS,Parametro,Latencia,200,0,0,tls13,8,0.221763,0.474729,252.966,1.182543,200,OK
macOS,Parametro,Latencia,200,0,0,tls13,9,0.216942,0.461466,244.524,1.293973,200,OK
macOS,Parametro,Latencia,200,0,0,tls13,10,0.213648,0.469323,255.675,1.198167,200,OK
macOS,Parametro,Latencia,200,0,0,tls13,11,0.21649,0.465892,249.402,1.197422,200,OK
macOS,Parametro,Latencia,200,0,0,tls13,12,0.211834,0.457379,245.545,1.206352,200,OK
macOS,Parametro,Latencia,200,0,0,tls13,13,0.223971,0.475417,251.446,1.179073,200,OK
macOS,Parametro,Latencia,200,0,0,tls13,14,0.220418,0.461408,240.99,1.188522,200,OK
macOS,Parametro,Latencia,200,0,0,tls13,15,0.213576,0.459587,246.011,1.189418,200,OK
macOS,Parametro,Latencia,200,0,0,tls13,16,0.212209,0.46054,248.331,1.295287,200,OK
macOS,Parametro,Latencia,200,0,0,tls13,17,0.21878,0.463232,244.452,1.17227,200,OK
macOS,Parametro,Latencia,200,0,0,tls13,18,0.212411,0.458771,246.36,1.174716,200,OK
macOS,Parametro,Latencia,200,0,0,tls13,19,0.220638,0.463059,242.421,1.201075,200,OK
macOS,Parametro,Latencia,200,0,0,tls13,20,0.211532,0.460272,248.74,1.184416,200,OK
macOS,Parametro,Latencia,200,0,0,tls13,21,0.212777,0.536137,323.36,1.450222,200,OK
macOS,Parametro,Latencia,200,0,0,tls13,22,0.283296,0.61494,331.644,1.363797,200,OK
macOS,Parametro,Latencia,200,0,0,tls13,23,0.256752,0.512268,255.516,1.389041,200,OK
macOS,Parametro,Latencia,200,0,0,tls13,24,0.213428,0.458525,245.097,1.445395,200,OK
macOS,Parametro,Latencia,200,0,0,tls13,25,0.213207,0.516709,303.502,1.295422,200,OK
macOS,Parametro,Latencia,200,0,0,tls13,26,0.213769,0.462152,248.383,1.436379,200,OK
macOS,Parametro,Latencia,200,0,0,tls13,27,0.287145,0.529788,242.643,1.345626,200,OK
macOS,Parametro,Latencia,200,0,0,tls13,28,0.217283,0.502926,285.643,1.513589,200,OK
macOS,Parametro,Latencia,200,0,0,tls13,29,0.21554,0.526308,310.768,1.306759,200,OK
macOS,Parametro,Latencia,200,0,0,tls13,30,0.215798,0.464542,248.744,1.319643,200,OK
macOS,Parametro,Latencia,200,0,0,tls13,31,0.222899,0.469922,247.023,1.206893,200,OK
macOS,Parametro,Latencia,200,0,0,tls13,32,0.218776,0.467059,248.283,1.261174,200,OK
macOS,Parametro,Latencia,200,0,0,tls13,33,0.213932,0.517285,303.353,1.52675,200,OK
macOS,Parametro,Latencia,200,0,0,tls13,34,0.211597,0.517337,305.74,1.532925,200,OK
macOS,Parametro,Latencia,200,0,0,tls13,35,0.21956,0.517667,298.107,1.528207,200,OK
macOS,Parametro,Latencia,200,0,0,tls13,36,0.211713,0.51372,302.007,1.291066,200,OK
macOS,Parametro,Latencia,200,0,0,tls13,37,0.212264,0.455203,242.939,1.253383,200,OK
macOS,Parametro,Latencia,200,0,0,tls13,38,0.213299,0.526597,313.298,1.310326,200,OK
macOS,Parametro,Latencia,200,0,0,tls13,39,0.212155,0.457431,245.276,1.246472,200,OK
macOS,Parametro,Latencia,200,0,0,tls13,40,0.211475,0.516572,305.097,1.289649,200,OK
macOS,Parametro,Latencia,200,0,0,tls13,41,0.211806,0.457564,245.758,1.265546,200,OK
macOS,Parametro,Latencia,200,0,0,tls13,42,0.227037,0.471481,244.444,1.249012,200,OK
macOS,Parametro,Latencia,200,0,0,tls13,43,0.330074,0.771548,441.474,1.699622,200,OK
macOS,Parametro,Latencia,200,0,0,tls13,44,0.212574,0.455552,242.978,1.195469,200,OK
macOS,Parametro,Latencia,200,0,0,tls13,45,0.234291,0.479033,244.742,1.289277,200,OK
macOS,Parametro,Latencia,200,0,0,tls13,46,0.218879,0.470082,251.203,1.184329,200,OK
macOS,Parametro,Latencia,200,0,0,tls13,47,0.212735,0.672054,459.319,1.405481,200,OK
macOS,Parametro,Latencia,200,0,0,tls13,48,0.213251,0.496715,283.464,1.230684,200,OK
macOS,Parametro,Latencia,200,0,0,tls13,49,0.216903,0.461441,244.538,1.211015,200,OK
macOS,Parametro,Latencia,200,0,0,tls13,50,0.214223,0.456772,242.549,1.182958,200,OK
macOS,Parametro,Latencia,300,0,0,tls13,1,0.311944,0.657743,345.799,1.697021,200,OK
macOS,Parametro,Latencia,300,0,0,tls13,2,0.311812,0.667444,355.632,1.725333,200,OK
macOS,Parametro,Latencia,300,0,0,tls13,3,0.311738,0.657725,345.987,1.690687,200,OK
macOS,Parametro,Latencia,300,0,0,tls13,4,0.31329,0.658409,345.119,1.668649,200,OK
macOS,Parametro,Latencia,300,0,0,tls13,5,0.314376,0.676738,362.362,1.715398,200,OK
macOS,Parametro,Latencia,300,0,0,tls13,6,0.312656,0.655614,342.958,1.665551,200,OK
macOS,Parametro,Latencia,300,0,0,tls13,7,0.313408,0.662488,349.08,1.686926,200,OK
macOS,Parametro,Latencia,300,0,0,tls13,8,0.315207,0.660985,345.778,1.674341,200,OK
macOS,Parametro,Latencia,300,0,0,tls13,9,0.317441,0.671273,353.832,1.701872,200,OK
macOS,Parametro,Latencia,300,0,0,tls13,10,0.314339,0.656652,342.313,1.688202,200,OK
macOS,Parametro,Latencia,300,0,0,tls13,11,0.313428,0.660453,347.025,1.785055,200,OK
macOS,Parametro,Latencia,300,0,0,tls13,12,0.314591,0.659471,344.88,1.689747,200,OK
macOS,Parametro,Latencia,300,0,0,tls13,13,0.315862,0.65806,342.198,1.670541,200,OK
macOS,Parametro,Latencia,300,0,0,tls13,14,0.311658,0.657012,345.354,1.675763,200,OK
macOS,Parametro,Latencia,300,0,0,tls13,15,0.312256,0.655365,343.109,1.68177,200,OK
macOS,Parametro,Latencia,300,0,0,tls13,16,0.315092,0.661365,346.273,1.690385,200,OK
macOS,Parametro,Latencia,300,0,0,tls13,17,0.312964,0.661934,348.97,1.686253,200,OK
macOS,Parametro,Latencia,300,0,0,tls13,18,0.314486,0.661045,346.559,1.692346,200,OK
macOS,Parametro,Latencia,300,0,0,tls13,19,0.314708,0.664199,349.491,1.690318,200,OK
macOS,Parametro,Latencia,300,0,0,tls13,20,0.414484,0.801592,387.108,1.903619,200,OK
macOS,Parametro,Latencia,300,0,0,tls13,21,0.346118,0.727991,381.873,1.861312,200,OK
macOS,Parametro,Latencia,300,0,0,tls13,22,0.319769,0.67235,352.581,1.838362,200,OK
macOS,Parametro,Latencia,300,0,0,tls13,23,0.409222,0.760094,350.872,1.856481,200,OK
macOS,Parametro,Latencia,300,0,0,tls13,24,0.312329,0.657705,345.376,1.850098,200,OK
macOS,Parametro,Latencia,300,0,0,tls13,25,0.312872,0.659263,346.391,1.866647,200,OK
macOS,Parametro,Latencia,300,0,0,tls13,26,0.315366,0.670642,355.276,1.732382,200,OK
macOS,Parametro,Latencia,300,0,0,tls13,27,0.335034,0.677805,342.771,1.723595,200,OK
macOS,Parametro,Latencia,300,0,0,tls13,28,0.385518,0.729725,344.207,1.824838,200,OK
macOS,Parametro,Latencia,300,0,0,tls13,29,0.364471,1.38677,1022.299,2.467319,200,OK
macOS,Parametro,Latencia,300,0,0,tls13,30,0.355217,0.717703,362.486,1.923535,200,OK
macOS,Parametro,Latencia,300,0,0,tls13,31,0.311455,0.655164,343.709,1.721519,200,OK
macOS,Parametro,Latencia,300,0,0,tls13,32,0.314354,0.659518,345.164,1.909573,200,OK
macOS,Parametro,Latencia,300,0,0,tls13,33,0.332608,0.721694,389.086,1.863118,200,OK
macOS,Parametro,Latencia,300,0,0,tls13,34,0.407883,0.792133,384.25,1.812435,200,OK
macOS,Parametro,Latencia,300,0,0,tls13,35,0.346173,0.732916,386.743,2.239778,200,OK
macOS,Parametro,Latencia,300,0,0,tls13,36,0.318774,0.665872,347.098,1.697275,200,OK
macOS,Parametro,Latencia,300,0,0,tls13,37,0.321517,0.665144,343.627,1.690178,200,OK
macOS,Parametro,Latencia,300,0,0,tls13,38,0.313616,0.661979,348.363,1.668049,200,OK
macOS,Parametro,Latencia,300,0,0,tls13,39,0.313199,0.660275,347.076,1.666171,200,OK
macOS,Parametro,Latencia,300,0,0,tls13,40,0.312775,0.664131,351.356,1.784861,200,OK
macOS,Parametro,Latencia,300,0,0,tls13,41,0.312304,0.658111,345.807,1.789642,200,OK
macOS,Parametro,Latencia,300,0,0,tls13,42,0.312214,0.673155,360.941,1.709636,200,OK
macOS,Parametro,Latencia,300,0,0,tls13,43,0.319782,0.66752,347.738,1.695896,200,OK
macOS,Parametro,Latencia,300,0,0,tls13,44,0.315263,0.663425,348.162,1.678488,200,OK
macOS,Parametro,Latencia,300,0,0,tls13,45,0.310888,0.659737,348.849,1.696385,200,OK
macOS,Parametro,Latencia,300,0,0,tls13,46,0.313705,0.665492,351.787,1.679869,200,OK
macOS,Parametro,Latencia,300,0,0,tls13,47,0.312821,0.65698,344.159,1.751629,200,OK
macOS,Parametro,Latencia,300,0,0,tls13,48,0.320734,0.667379,346.645,1.699444,200,OK
macOS,Parametro,Latencia,300,0,0,tls13,49,0.312129,0.655955,343.826,1.668484,200,OK
macOS,Parametro,Latencia,300,0,0,tls13,50,0.325682,0.670885,345.203,1.713442,200,OK
macOS,Parametro,Perdida,0,0,0,tls13,1,0.045748,0.102395,56.647,0.230301,200,OK
macOS,Parametro,Perdida,0,0,0,tls13,2,0.012307,0.053097,40.79,0.168319,200,OK
macOS,Parametro,Perdida,0,0,0,tls13,3,0.012776,0.053768,40.992,0.167163,200,OK
macOS,Parametro,Perdida,0,0,0,tls13,4,0.011498,0.052492,40.994,0.175991,200,OK
macOS,Parametro,Perdida,0,0,0,tls13,5,0.011923,0.052796,40.873,0.163658,200,OK
macOS,Parametro,Perdida,0,0,0,tls13,6,0.011001,0.060166,49.165,0.184132,200,OK
macOS,Parametro,Perdida,0,0,0,tls13,7,0.014771,0.057998,43.227,0.176187,200,OK
macOS,Parametro,Perdida,0,0,0,tls13,8,0.011291,0.053146,41.855,0.189594,200,OK
macOS,Parametro,Perdida,0,0,0,tls13,9,0.011788,0.054201,42.413,0.323004,200,OK
macOS,Parametro,Perdida,0,0,0,tls13,10,0.014678,0.062217,47.539,0.206878,200,OK
macOS,Parametro,Perdida,0,0,0,tls13,11,0.013545,0.271454,257.909,0.436802,200,OK
macOS,Parametro,Perdida,0,0,0,tls13,12,0.043079,0.103354,60.275,0.364355,200,OK
macOS,Parametro,Perdida,0,0,0,tls13,13,0.014147,0.058388,44.241,0.189898,200,OK
macOS,Parametro,Perdida,0,0,0,tls13,14,0.01137,0.0531,41.73,0.169933,200,OK
macOS,Parametro,Perdida,0,0,0,tls13,15,0.013849,0.056563,42.714,0.298137,200,OK
macOS,Parametro,Perdida,0,0,0,tls13,16,0.011568,0.055277,43.709,0.192757,200,OK
macOS,Parametro,Perdida,0,0,0,tls13,17,0.020885,0.076249,55.364,0.234777,200,OK
macOS,Parametro,Perdida,0,0,0,tls13,18,0.013445,0.061476,48.031,0.180235,200,OK
macOS,Parametro,Perdida,0,0,0,tls13,19,0.011164,0.053466,42.302,0.298673,200,OK
macOS,Parametro,Perdida,0,0,0,tls13,20,0.011387,0.053264,41.877,0.190642,200,OK
macOS,Parametro,Perdida,0,0,0,tls13,21,0.015553,0.059327,43.774,0.170402,200,OK
macOS,Parametro,Perdida,0,0,0,tls13,22,0.036066,0.076426,40.36,0.402122,200,OK
macOS,Parametro,Perdida,0,0,0,tls13,23,0.010835,0.058649,47.814,0.287619,200,OK
macOS,Parametro,Perdida,0,0,0,tls13,24,0.010885,0.053276,42.391,0.193591,200,OK
macOS,Parametro,Perdida,0,0,0,tls13,25,0.011136,0.051666,40.53,0.160902,200,OK
macOS,Parametro,Perdida,0,0,0,tls13,26,0.068496,0.110264,41.768,0.282794,200,OK
macOS,Parametro,Perdida,0,0,0,tls13,27,0.012358,0.056968,44.61,0.298053,200,OK
macOS,Parametro,Perdida,0,0,0,tls13,28,0.013414,0.137557,124.143,0.273222,200,OK
macOS,Parametro,Perdida,0,0,0,tls13,29,0.012092,0.053858,41.766,0.193055,200,OK
macOS,Parametro,Perdida,0,0,0,tls13,30,0.013414,0.134081,120.667,0.274137,200,OK
macOS,Parametro,Perdida,0,0,0,tls13,31,0.010875,0.052078,41.203,0.35848,200,OK
macOS,Parametro,Perdida,0,0,0,tls13,32,0.013397,0.057209,43.812,0.286332,200,OK
macOS,Parametro,Perdida,0,0,0,tls13,33,0.011343,0.0543,42.957,0.184127,200,OK
macOS,Parametro,Perdida,0,0,0,tls13,34,0.021003,0.061581,40.578,0.291809,200,OK
macOS,Parametro,Perdida,0,0,0,tls13,35,0.016282,0.14381,127.528,0.283508,200,OK
macOS,Parametro,Perdida,0,0,0,tls13,36,0.012797,0.147326,134.529,0.34473,200,OK
macOS,Parametro,Perdida,0,0,0,tls13,37,0.015852,0.058733,42.881,0.31883,200,OK
macOS,Parametro,Perdida,0,0,0,tls13,38,0.013625,0.120185,106.56,0.261254,200,OK
macOS,Parametro,Perdida,0,0,0,tls13,39,0.015392,0.137031,121.639,0.396641,200,OK
macOS,Parametro,Perdida,0,0,0,tls13,40,0.01526,0.060548,45.288,0.21452,200,OK
macOS,Parametro,Perdida,0,0,0,tls13,41,0.013204,0.180504,167.3,0.332991,200,OK
macOS,Parametro,Perdida,0,0,0,tls13,42,0.101818,0.146942,45.124,0.343928,200,OK
macOS,Parametro,Perdida,0,0,0,tls13,43,0.011704,0.068389,56.685,0.25163,200,OK
macOS,Parametro,Perdida,0,0,0,tls13,44,0.037928,0.130203,92.275,0.352518,200,OK
macOS,Parametro,Perdida,0,0,0,tls13,45,0.018661,0.15007,131.409,0.273715,200,OK
macOS,Parametro,Perdida,0,0,0,tls13,46,0.010784,0.054343,43.559,0.188405,200,OK
macOS,Parametro,Perdida,0,0,0,tls13,47,0.014555,0.056906,42.351,0.28741,200,OK
macOS,Parametro,Perdida,0,0,0,tls13,48,0.011087,0.052734,41.647,0.182488,200,OK
macOS,Parametro,Perdida,0,0,0,tls13,49,0.012443,0.137963,125.52,0.48363,200,OK
macOS,Parametro,Perdida,0,0,0,tls13,50,0.011499,0.147099,135.6,0.28675,200,OK
macOS,Parametro,Perdida,1,0,1,tls13,1,0.032011,0.076639,44.628,0.318254,200,OK
macOS,Parametro,Perdida,1,0,1,tls13,2,0.011662,0.07297,61.308,0.22883,200,OK
macOS,Parametro,Perdida,1,0,1,tls13,3,0.120762,0.165624,44.862,0.283365,200,OK
macOS,Parametro,Perdida,1,0,1,tls13,4,0.01404,0.124745,110.705,0.349125,200,OK
macOS,Parametro,Perdida,1,0,1,tls13,5,0.014072,0.055832,41.76,0.258794,200,OK
macOS,Parametro,Perdida,1,0,1,tls13,6,0.011875,0.053455,41.58,0.175365,200,OK
macOS,Parametro,Perdida,1,0,1,tls13,7,0.010977,0.052946,41.969,0.270124,200,OK
macOS,Parametro,Perdida,1,0,1,tls13,8,0.01178,0.055264,43.484,0.203419,200,OK
macOS,Parametro,Perdida,1,0,1,tls13,9,0.014341,0.056992,42.651,0.205586,200,OK
macOS,Parametro,Perdida,1,0,1,tls13,10,0.013149,0.053737,40.588,0.276139,200,OK
macOS,Parametro,Perdida,1,0,1,tls13,11,0.016752,0.05986,43.108,0.395358,200,OK
macOS,Parametro,Perdida,1,0,1,tls13,12,0.011143,0.05814,46.997,0.290488,200,OK
macOS,Parametro,Perdida,1,0,1,tls13,13,0.012984,0.141964,128.98,0.284384,200,OK
macOS,Parametro,Perdida,1,0,1,tls13,14,0.012995,0.056889,43.894,0.374876,200,OK
macOS,Parametro,Perdida,1,0,1,tls13,15,0.019014,0.062898,43.884,0.282359,200,OK
macOS,Parametro,Perdida,1,0,1,tls13,16,0.014563,0.138368,123.805,0.284751,200,OK
macOS,Parametro,Perdida,1,0,1,tls13,17,0.011225,0.054483,43.258,0.343834,200,OK
macOS,Parametro,Perdida,1,0,1,tls13,18,0.019967,0.06293,42.963,0.297726,200,OK
macOS,Parametro,Perdida,1,0,1,tls13,19,0.013196,0.136074,122.878,0.28843,200,OK
macOS,Parametro,Perdida,1,0,1,tls13,20,0.014403,0.147642,133.239,0.286012,200,OK
macOS,Parametro,Perdida,1,0,1,tls13,21,0.011616,0.054479,42.863,0.227576,200,OK
macOS,Parametro,Perdida,1,0,1,tls13,22,0.092051,0.134179,42.128,0.269955,200,OK
macOS,Parametro,Perdida,1,0,1,tls13,23,0.013532,0.058387,44.855,0.177596,200,OK
macOS,Parametro,Perdida,1,0,1,tls13,24,0.093553,0.136372,42.819,0.254043,200,OK
macOS,Parametro,Perdida,1,0,1,tls13,25,0.010922,0.061284,50.362,0.209071,200,OK
macOS,Parametro,Perdida,1,0,1,tls13,26,0.020354,0.068843,48.489,0.318523,200,OK
macOS,Parametro,Perdida,1,0,1,tls13,27,0.015015,0.05841,43.395,0.176724,200,OK
macOS,Parametro,Perdida,1,0,1,tls13,28,0.015476,0.056628,41.152,0.1969,200,OK
macOS,Parametro,Perdida,1,0,1,tls13,29,0.014021,0.140569,126.548,0.268127,200,OK
macOS,Parametro,Perdida,1,0,1,tls13,30,0.012321,0.097986,85.665,0.403287,200,OK
macOS,Parametro,Perdida,1,0,1,tls13,31,0.016989,0.06206,45.071,0.273545,200,OK
macOS,Parametro,Perdida,1,0,1,tls13,32,0.214912,0.260254,45.342,0.378501,200,OK
macOS,Parametro,Perdida,1,0,1,tls13,33,0.07434,0.118718,44.378,0.284478,200,OK
macOS,Parametro,Perdida,1,0,1,tls13,34,0.012554,0.055762,43.208,0.301296,200,OK
macOS,Parametro,Perdida,1,0,1,tls13,35,0.013093,0.154608,141.515,0.320869,200,OK
macOS,Parametro,Perdida,1,0,1,tls13,36,0.120803,0.182443,61.64,0.330771,200,OK
macOS,Parametro,Perdida,1,0,1,tls13,37,0.026866,0.080488,53.622,0.25309,200,OK
macOS,Parametro,Perdida,1,0,1,tls13,38,0.057603,0.114749,57.146,0.262224,200,OK
macOS,Parametro,Perdida,1,0,1,tls13,39,0.013121,0.118847,105.726,0.249543,200,OK
macOS,Parametro,Perdida,1,0,1,tls13,40,0.013874,0.058628,44.754,0.371656,200,OK
macOS,Parametro,Perdida,1,0,1,tls13,41,0.011403,0.05354,42.137,0.272758,200,OK
macOS,Parametro,Perdida,1,0,1,tls13,42,0.012846,0.055874,43.028,0.196301,200,OK
macOS,Parametro,Perdida,1,0,1,tls13,43,0.013925,0.06087,46.945,0.273668,200,OK
macOS,Parametro,Perdida,1,0,1,tls13,44,0.010851,0.144638,133.787,0.272106,200,OK
macOS,Parametro,Perdida,1,0,1,tls13,45,0.012818,0.148426,135.608,0.408478,200,OK
macOS,Parametro,Perdida,1,0,1,tls13,46,0.011862,0.056553,44.691,0.309334,200,OK
macOS,Parametro,Perdida,1,0,1,tls13,47,0.082618,0.124862,42.244,0.259985,200,OK
macOS,Parametro,Perdida,1,0,1,tls13,48,0.098925,0.146663,47.738,0.366784,200,OK
macOS,Parametro,Perdida,1,0,1,tls13,49,0.012765,0.096427,83.662,0.410926,200,OK
macOS,Parametro,Perdida,1,0,1,tls13,50,0.011773,0.054098,42.325,0.275402,200,OK
macOS,Parametro,Perdida,3,0,3,tls13,1,0.029542,0.07355,44.008,0.213732,200,OK
macOS,Parametro,Perdida,3,0,3,tls13,2,0.102469,0.151,48.531,0.342896,200,OK
macOS,Parametro,Perdida,3,0,3,tls13,3,0.011947,0.053785,41.838,0.266065,200,OK
macOS,Parametro,Perdida,3,0,3,tls13,4,0.011328,0.146113,134.785,0.274356,200,OK
macOS,Parametro,Perdida,3,0,3,tls13,5,0.01153,0.393542,382.012,0.525418,200,OK
macOS,Parametro,Perdida,3,0,3,tls13,6,0.105395,0.157445,52.05,0.337515,200,OK
macOS,Parametro,Perdida,3,0,3,tls13,7,0.012005,0.058435,46.43,0.244122,200,OK
macOS,Parametro,Perdida,3,0,3,tls13,8,0.047628,0.116548,68.92,0.257555,200,OK
macOS,Parametro,Perdida,3,0,3,tls13,9,0.026005,0.243913,217.908,0.573703,200,OK
macOS,Parametro,Perdida,3,0,3,tls13,10,0.018176,0.33343,315.254,0.546691,200,OK
macOS,Parametro,Perdida,3,0,3,tls13,11,0.011625,0.14419,132.565,0.263889,200,OK
macOS,Parametro,Perdida,3,0,3,tls13,12,0.012608,0.144647,132.039,0.357986,200,OK
macOS,Parametro,Perdida,3,0,3,tls13,13,0.011799,0.053868,42.069,0.293851,200,OK
macOS,Parametro,Perdida,3,0,3,tls13,14,0.011532,0.132191,120.659,0.245746,200,OK
macOS,Parametro,Perdida,3,0,3,tls13,15,0.018279,0.066595,48.316,0.209204,200,OK
macOS,Parametro,Perdida,3,0,3,tls13,16,0.082269,0.295214,212.945,0.427086,200,OK
macOS,Parametro,Perdida,3,0,3,tls13,17,0.059651,0.528827,469.176,0.703088,200,OK
macOS,Parametro,Perdida,3,0,3,tls13,18,0.105702,0.231751,126.049,0.386709,200,OK
macOS,Parametro,Perdida,3,0,3,tls13,19,0.104279,0.69158,587.301,0.827245,200,OK
macOS,Parametro,Perdida,3,0,3,tls13,20,0.081062,0.705136,624.074,0.849419,200,OK
macOS,Parametro,Perdida,3,0,3,tls13,21,0.031464,0.102701,71.237,0.241945,200,OK
macOS,Parametro,Perdida,3,0,3,tls13,22,0.016459,0.075751,59.292,0.182431,200,OK
macOS,Parametro,Perdida,3,0,3,tls13,23,0.012671,0.059263,46.592,0.285987,200,OK
macOS,Parametro,Perdida,3,0,3,tls13,24,0.013509,0.058483,44.974,0.193794,200,OK
macOS,Parametro,Perdida,3,0,3,tls13,25,0.012461,0.055288,42.827,0.207671,200,OK
macOS,Parametro,Perdida,3,0,3,tls13,26,0.014043,0.05595,41.907,0.188711,200,OK
macOS,Parametro,Perdida,3,0,3,tls13,27,0.018763,0.061353,42.59,0.19551,200,OK
macOS,Parametro,Perdida,3,0,3,tls13,28,0.015699,0.057491,41.792,0.207741,200,OK
macOS,Parametro,Perdida,3,0,3,tls13,29,0.015696,0.317419,301.723,0.448082,200,OK
macOS,Parametro,Perdida,3,0,3,tls13,30,0.02158,0.064096,42.516,0.194235,200,OK
macOS,Parametro,Perdida,3,0,3,tls13,31,0.213023,0.253852,40.829,0.36841,200,OK
macOS,Parametro,Perdida,3,0,3,tls13,32,0.012129,0.051626,39.497,0.162689,200,OK
macOS,Parametro,Perdida,3,0,3,tls13,33,0.011323,0.055229,43.906,0.197139,200,OK
macOS,Parametro,Perdida,3,0,3,tls13,34,0.012762,0.341971,329.209,0.478085,200,OK
macOS,Parametro,Perdida,3,0,3,tls13,35,0.011434,0.052715,41.281,0.188229,200,OK
macOS,Parametro,Perdida,3,0,3,tls13,36,0.042881,0.255388,212.507,0.366227,200,OK
macOS,Parametro,Perdida,3,0,3,tls13,37,0.220302,0.263044,42.742,0.400466,200,OK
macOS,Parametro,Perdida,3,0,3,tls13,38,0.011597,0.07364,62.043,0.213085,200,OK
macOS,Parametro,Perdida,3,0,3,tls13,39,0.01117,0.053489,42.319,0.169945,200,OK
macOS,Parametro,Perdida,3,0,3,tls13,40,0.011496,0.053419,41.923,0.191691,200,OK
macOS,Parametro,Perdida,3,0,3,tls13,41,0.011533,0.054972,43.439,0.187423,200,OK
macOS,Parametro,Perdida,3,0,3,tls13,42,0.012552,0.053484,40.932,0.158258,200,OK
macOS,Parametro,Perdida,3,0,3,tls13,43,0.212909,0.26488,51.971,0.381631,200,OK
macOS,Parametro,Perdida,3,0,3,tls13,44,0.01297,0.057379,44.409,0.223719,200,OK
macOS,Parametro,Perdida,3,0,3,tls13,45,0.012238,0.053998,41.76,0.168615,200,OK
macOS,Parametro,Perdida,3,0,3,tls13,46,0.011761,0.054607,42.846,0.183226,200,OK
macOS,Parametro,Perdida,3,0,3,tls13,47,0.011683,0.054628,42.945,0.198249,200,OK
macOS,Parametro,Perdida,3,0,3,tls13,48,0.012213,0.054165,41.952,0.293754,200,OK
macOS,Parametro,Perdida,3,0,3,tls13,49,0.011806,0.05599,44.184,0.178877,200,OK
macOS,Parametro,Perdida,3,0,3,tls13,50,0.014746,0.058892,44.146,0.192724,200,OK
macOS,Parametro,Perdida,5,0,5,tls13,1,0.01417,0.059457,45.287,0.19556,200,OK
macOS,Parametro,Perdida,5,0,5,tls13,2,0.012833,0.086065,73.232,0.222594,200,OK
macOS,Parametro,Perdida,5,0,5,tls13,3,0.012455,0.055889,43.434,0.191042,200,OK
macOS,Parametro,Perdida,5,0,5,tls13,4,0.012664,0.056718,44.054,0.173286,200,OK
macOS,Parametro,Perdida,5,0,5,tls13,5,0.012536,0.061067,48.531,0.172302,200,OK
macOS,Parametro,Perdida,5,0,5,tls13,6,0.016907,0.059072,42.165,0.196143,200,OK
macOS,Parametro,Perdida,5,0,5,tls13,7,0.013774,0.056508,42.734,0.210252,200,OK
macOS,Parametro,Perdida,5,0,5,tls13,8,0.013988,0.05466,40.672,0.1902,200,OK
macOS,Parametro,Perdida,5,0,5,tls13,9,0.011826,0.308548,296.722,0.421086,200,OK
macOS,Parametro,Perdida,5,0,5,tls13,10,0.012708,0.056675,43.967,0.19935,200,OK
macOS,Parametro,Perdida,5,0,5,tls13,11,0.011671,0.329173,317.502,0.463611,200,OK
macOS,Parametro,Perdida,5,0,5,tls13,12,0.011964,0.054722,42.758,0.202092,200,OK
macOS,Parametro,Perdida,5,0,5,tls13,13,0.012732,0.05691,44.178,0.193853,200,OK
macOS,Parametro,Perdida,5,0,5,tls13,14,0.011303,0.053353,42.05,0.185301,200,OK
macOS,Parametro,Perdida,5,0,5,tls13,15,0.017576,0.057729,40.153,0.188457,200,OK
macOS,Parametro,Perdida,5,0,5,tls13,16,0.019779,0.06282,43.041,0.3273,200,OK
macOS,Parametro,Perdida,5,0,5,tls13,17,0.012352,0.056368,44.016,0.191599,200,OK
macOS,Parametro,Perdida,5,0,5,tls13,18,0.012323,0.053118,40.795,0.184875,200,OK
macOS,Parametro,Perdida,5,0,5,tls13,19,0.013083,0.055619,42.536,0.169114,200,OK
macOS,Parametro,Perdida,5,0,5,tls13,20,0.013902,0.054384,40.482,0.188961,200,OK
macOS,Parametro,Perdida,5,0,5,tls13,21,0.010889,0.065018,54.129,0.306517,200,OK
macOS,Parametro,Perdida,5,0,5,tls13,22,0.017241,0.064434,47.193,0.181492,200,OK
macOS,Parametro,Perdida,5,0,5,tls13,23,0.019494,0.066752,47.258,0.208848,200,OK
macOS,Parametro,Perdida,5,0,5,tls13,24,0.045936,0.293581,247.645,0.525182,200,OK
macOS,Parametro,Perdida,5,0,5,tls13,25,0.078007,0.668773,590.766,0.810356,200,OK
macOS,Parametro,Perdida,5,0,5,tls13,26,0.033154,0.091371,58.217,0.248237,200,OK
macOS,Parametro,Perdida,5,0,5,tls13,27,0.156275,0.285258,128.983,0.444977,200,OK
macOS,Parametro,Perdida,5,0,5,tls13,28,0.021221,0.073691,52.47,0.214966,200,OK
macOS,Parametro,Perdida,5,0,5,tls13,29,0.218533,0.268694,50.161,0.406408,200,OK
macOS,Parametro,Perdida,5,0,5,tls13,30,0.215762,0.284519,68.757,0.41924,200,OK
macOS,Parametro,Perdida,5,0,5,tls13,31,0.025364,0.122939,97.575,0.384917,200,OK
macOS,Parametro,Perdida,5,0,5,tls13,32,0.099932,0.225369,125.437,0.364535,200,OK
macOS,Parametro,Perdida,5,0,5,tls13,33,0.064658,0.43225,367.592,0.569968,200,OK
macOS,Parametro,Perdida,5,0,5,tls13,34,0.022525,0.1861,163.575,0.336903,200,OK
macOS,Parametro,Perdida,5,0,5,tls13,35,0.02499,0.102217,77.227,0.220822,200,OK
macOS,Parametro,Perdida,5,0,5,tls13,36,0.023183,0.369724,346.541,0.650086,200,OK
macOS,Parametro,Perdida,5,0,5,tls13,37,0.039473,0.163259,123.786,0.297777,200,OK
macOS,Parametro,Perdida,5,0,5,tls13,38,0.013358,0.055327,41.969,0.189424,200,OK
macOS,Parametro,Perdida,5,0,5,tls13,39,0.012965,0.056231,43.266,0.205887,200,OK
macOS,Parametro,Perdida,5,0,5,tls13,40,0.019473,0.061383,41.91,0.200692,200,OK
macOS,Parametro,Perdida,5,0,5,tls13,41,0.012029,0.052498,40.469,0.198472,200,OK
macOS,Parametro,Perdida,5,0,5,tls13,42,0.011839,0.305685,293.846,0.439252,200,OK
macOS,Parametro,Perdida,5,0,5,tls13,43,0.010757,0.30175,290.993,0.434811,200,OK
macOS,Parametro,Perdida,5,0,5,tls13,44,0.010892,0.052737,41.845,0.185312,200,OK
macOS,Parametro,Perdida,5,0,5,tls13,45,0.018693,0.062255,43.562,0.199691,200,OK
macOS,Parametro,Perdida,5,0,5,tls13,46,0.01445,0.062962,48.512,0.191638,200,OK
macOS,Parametro,Perdida,5,0,5,tls13,47,0.011472,0.053059,41.587,0.193597,200,OK
macOS,Parametro,Perdida,5,0,5,tls13,48,0.010945,0.056951,46.006,0.170573,200,OK
macOS,Parametro,Perdida,5,0,5,tls13,49,0.011848,0.059871,48.023,0.174312,200,OK
macOS,Parametro,Perdida,5,0,5,tls13,50,0.01208,0.054374,42.294,0.18583,200,OK
macOS,Parametro,Perdida,10,0,10,tls13,1,0.014788,0.056539,41.751,0.16833,200,OK
macOS,Parametro,Perdida,10,0,10,tls13,2,0.011883,0.052368,40.485,0.159251,200,OK
macOS,Parametro,Perdida,10,0,10,tls13,3,0.013449,0.073877,60.428,0.204025,200,OK
macOS,Parametro,Perdida,10,0,10,tls13,4,0.014312,0.078915,64.603,0.208392,200,OK
macOS,Parametro,Perdida,10,0,10,tls13,5,0.011403,0.052288,40.885,0.170663,200,OK
macOS,Parametro,Perdida,10,0,10,tls13,6,0.213677,0.513906,300.229,0.649124,200,OK
macOS,Parametro,Perdida,10,0,10,tls13,7,0.216747,0.25961,42.863,0.397857,200,OK
macOS,Parametro,Perdida,10,0,10,tls13,8,0.2153,0.519741,304.441,0.629882,200,OK
macOS,Parametro,Perdida,10,0,10,tls13,9,0.214273,0.305766,91.493,0.442826,200,OK
macOS,Parametro,Perdida,10,0,10,tls13,10,0.014206,0.059014,44.808,0.197805,200,OK
macOS,Parametro,Perdida,10,0,10,tls13,11,0.012723,0.055693,42.97,0.168526,200,OK
macOS,Parametro,Perdida,10,0,10,tls13,12,0.011336,0.055963,44.627,0.19106,200,OK
macOS,Parametro,Perdida,10,0,10,tls13,13,0.014493,0.057337,42.844,0.168871,200,OK
macOS,Parametro,Perdida,10,0,10,tls13,14,0.011226,0.058942,47.716,0.172305,200,OK
macOS,Parametro,Perdida,10,0,10,tls13,15,0.010823,0.051251,40.428,0.162769,200,OK
macOS,Parametro,Perdida,10,0,10,tls13,16,0.012955,0.306401,293.446,0.442407,200,OK
macOS,Parametro,Perdida,10,0,10,tls13,17,0.011412,0.052387,40.975,0.168696,200,OK
macOS,Parametro,Perdida,10,0,10,tls13,18,0.017845,0.066163,48.318,0.313535,200,OK
macOS,Parametro,Perdida,10,0,10,tls13,19,0.015522,0.05831,42.788,0.196615,200,OK
macOS,Parametro,Perdida,10,0,10,tls13,20,0.010841,0.304719,293.878,0.424324,200,OK
macOS,Parametro,Perdida,10,0,10,tls13,21,0.011493,0.05348,41.987,0.305419,200,OK
macOS,Parametro,Perdida,10,0,10,tls13,22,0.031612,0.077992,46.38,0.200682,200,OK
macOS,Parametro,Perdida,10,0,10,tls13,23,0.012053,0.051827,39.774,0.194532,200,OK
macOS,Parametro,Perdida,10,0,10,tls13,24,0.011924,0.058955,47.031,0.206511,200,OK
macOS,Parametro,Perdida,10,0,10,tls13,25,0.013495,0.053259,39.764,0.211051,200,OK
macOS,Parametro,Perdida,10,0,10,tls13,26,0.012333,0.054574,42.241,0.210379,200,OK
macOS,Parametro,Perdida,10,0,10,tls13,27,0.011229,0.14629,135.061,0.279858,200,OK
macOS,Parametro,Perdida,10,0,10,tls13,28,0.011099,0.053165,42.066,0.186105,200,OK
macOS,Parametro,Perdida,10,0,10,tls13,29,0.011708,0.070112,58.404,0.284504,200,OK
macOS,Parametro,Perdida,10,0,10,tls13,30,0.218146,0.350823,132.677,0.488039,200,OK
macOS,Parametro,Perdida,10,0,10,tls13,31,0.012424,0.055893,43.469,0.37107,200,OK
macOS,Parametro,Perdida,10,0,10,tls13,32,0.257926,0.809339,551.413,0.993986,200,OK
macOS,Parametro,Perdida,10,0,10,tls13,33,0.01308,0.316379,303.299,0.484478,200,OK
macOS,Parametro,Perdida,10,0,10,tls13,34,0.022081,0.064651,42.57,0.311971,200,OK
macOS,Parametro,Perdida,10,0,10,tls13,35,0.012209,0.123315,111.106,0.251736,200,OK
macOS,Parametro,Perdida,10,0,10,tls13,36,0.012959,0.055701,42.742,0.194907,200,OK
macOS,Parametro,Perdida,10,0,10,tls13,37,0.078497,0.125734,47.237,0.259652,200,OK
macOS,Parametro,Perdida,10,0,10,tls13,38,0.01415,0.115952,101.802,0.338291,200,OK
macOS,Parametro,Perdida,10,0,10,tls13,39,0.010782,0.052607,41.825,0.288019,200,OK
macOS,Parametro,Perdida,10,0,10,tls13,40,0.018569,0.147867,129.298,0.293211,200,OK
macOS,Parametro,Perdida,10,0,10,tls13,41,0.216332,0.347436,131.104,0.49025,200,OK
macOS,Parametro,Perdida,10,0,10,tls13,42,0.011316,0.384815,373.499,0.524652,200,OK
macOS,Parametro,Perdida,10,0,10,tls13,43,0.011467,0.118104,106.637,0.332148,200,OK
macOS,Parametro,Perdida,10,0,10,tls13,44,0.016594,0.058788,42.194,0.29975,200,OK
macOS,Parametro,Perdida,10,0,10,tls13,45,0.011905,0.13502,123.115,0.276324,200,OK
macOS,Parametro,Perdida,10,0,10,tls13,46,0.011916,0.377263,365.347,0.492353,200,OK
macOS,Parametro,Perdida,10,0,10,tls13,47,0.010986,0.054995,44.009,0.375906,200,OK
macOS,Parametro,Perdida,10,0,10,tls13,48,0.011368,0.568937,557.569,0.680266,200,OK
macOS,Parametro,Perdida,10,0,10,tls13,49,0.102863,0.351371,248.508,0.48714,200,OK
macOS,Parametro,Perdida,10,0,10,tls13,50,0.078195,0.135016,56.821,0.291019,200,OK
macOS,Parametro,Jitter,0,0,0,tls13,1,0.112628,0.337213,224.585,0.983438,200,OK
macOS,Parametro,Jitter,0,0,0,tls13,2,0.119713,0.360953,241.24,0.979015,200,OK
macOS,Parametro,Jitter,0,0,0,tls13,3,0.142248,0.3759,233.652,1.008514,200,OK
macOS,Parametro,Jitter,0,0,0,tls13,4,0.147001,0.37641,229.409,0.94366,200,OK
macOS,Parametro,Jitter,0,0,0,tls13,5,0.204674,0.437882,233.208,1.046665,200,OK
macOS,Parametro,Jitter,0,0,0,tls13,6,0.174797,0.323246,148.449,0.814331,200,OK
macOS,Parametro,Jitter,0,0,0,tls13,7,0.11349,0.261303,147.813,0.697935,200,OK
macOS,Parametro,Jitter,0,0,0,tls13,8,0.159386,0.304288,144.902,0.805146,200,OK
macOS,Parametro,Jitter,0,0,0,tls13,9,0.116113,0.264857,148.744,0.732518,200,OK
macOS,Parametro,Jitter,0,0,0,tls13,10,0.113033,0.327921,214.888,0.965312,200,OK
macOS,Parametro,Jitter,0,0,0,tls13,11,0.157366,0.3782,220.834,1.009742,200,OK
macOS,Parametro,Jitter,0,0,0,tls13,12,0.139815,0.369776,229.961,0.975412,200,OK
macOS,Parametro,Jitter,0,0,0,tls13,13,0.172888,0.402431,229.543,1.013902,200,OK
macOS,Parametro,Jitter,0,0,0,tls13,14,0.167978,0.400472,232.494,1.006938,200,OK
macOS,Parametro,Jitter,0,0,0,tls13,15,0.170805,0.407414,236.609,1.038885,200,OK
macOS,Parametro,Jitter,0,0,0,tls13,16,0.137062,0.362034,224.972,0.970868,200,OK
macOS,Parametro,Jitter,0,0,0,tls13,17,0.176766,0.409991,233.225,1.014269,200,OK
macOS,Parametro,Jitter,0,0,0,tls13,18,0.166561,0.39471,228.149,1.032052,200,OK
macOS,Parametro,Jitter,0,0,0,tls13,19,0.142724,0.371237,228.513,0.976984,200,OK
macOS,Parametro,Jitter,0,0,0,tls13,20,0.181137,0.407265,226.128,1.036885,200,OK
macOS,Parametro,Jitter,0,0,0,tls13,21,0.147605,0.376074,228.469,0.957128,200,OK
macOS,Parametro,Jitter,0,0,0,tls13,22,0.193322,0.423581,230.259,0.962584,200,OK
macOS,Parametro,Jitter,0,0,0,tls13,23,0.112351,0.267405,155.054,0.80602,200,OK
macOS,Parametro,Jitter,0,0,0,tls13,24,0.111197,0.274785,163.588,0.790998,200,OK
macOS,Parametro,Jitter,0,0,0,tls13,25,0.130629,0.273791,143.162,0.766332,200,OK
macOS,Parametro,Jitter,0,0,0,tls13,26,0.111744,0.254355,142.611,0.894639,200,OK
macOS,Parametro,Jitter,0,0,0,tls13,27,0.112812,0.254729,141.917,0.702611,200,OK
macOS,Parametro,Jitter,0,0,0,tls13,28,0.113168,0.305539,192.371,0.855512,200,OK
macOS,Parametro,Jitter,0,0,0,tls13,29,0.111512,0.257885,146.373,0.672693,200,OK
macOS,Parametro,Jitter,0,0,0,tls13,30,0.129257,0.271376,142.119,0.707149,200,OK
macOS,Parametro,Jitter,0,0,0,tls13,31,0.111405,0.257511,146.106,0.674158,200,OK
macOS,Parametro,Jitter,0,0,0,tls13,32,0.112137,0.256212,144.075,0.68374,200,OK
macOS,Parametro,Jitter,0,0,0,tls13,33,0.111663,0.254503,142.84,0.678307,200,OK
macOS,Parametro,Jitter,0,0,0,tls13,34,0.112601,0.258694,146.093,0.678133,200,OK
macOS,Parametro,Jitter,0,0,0,tls13,35,0.112085,0.254237,142.152,0.691588,200,OK
macOS,Parametro,Jitter,0,0,0,tls13,36,0.112382,0.255326,142.944,0.687685,200,OK
macOS,Parametro,Jitter,0,0,0,tls13,37,0.113197,0.260263,147.066,0.798647,200,OK
macOS,Parametro,Jitter,0,0,0,tls13,38,0.113041,0.257618,144.577,0.697469,200,OK
macOS,Parametro,Jitter,0,0,0,tls13,39,0.114821,0.260494,145.673,0.696964,200,OK
macOS,Parametro,Jitter,0,0,0,tls13,40,0.115505,0.263773,148.268,0.808136,200,OK
macOS,Parametro,Jitter,0,0,0,tls13,41,0.112699,0.259196,146.497,0.695023,200,OK
macOS,Parametro,Jitter,0,0,0,tls13,42,0.113059,0.264175,151.116,0.699089,200,OK
macOS,Parametro,Jitter,0,0,0,tls13,43,0.113722,0.257622,143.9,0.685755,200,OK
macOS,Parametro,Jitter,0,0,0,tls13,44,0.117156,0.260444,143.288,0.668418,200,OK
macOS,Parametro,Jitter,0,0,0,tls13,45,0.111507,0.252717,141.21,0.679376,200,OK
macOS,Parametro,Jitter,0,0,0,tls13,46,0.112167,0.257484,145.317,0.685544,200,OK
macOS,Parametro,Jitter,0,0,0,tls13,47,0.111368,0.254121,142.753,0.68521,200,OK
macOS,Parametro,Jitter,0,0,0,tls13,48,0.112621,0.256274,143.653,0.694667,200,OK
macOS,Parametro,Jitter,0,0,0,tls13,49,0.122439,0.268086,145.647,0.703715,200,OK
macOS,Parametro,Jitter,0,0,0,tls13,50,0.11192,0.258056,146.136,0.692609,200,OK
macOS,Parametro,Jitter,10,10,0,tls13,1,0.111902,0.257864,145.962,0.700076,200,OK
macOS,Parametro,Jitter,10,10,0,tls13,2,0.113485,0.257082,143.597,0.66271,200,OK
macOS,Parametro,Jitter,10,10,0,tls13,3,0.11489,0.267477,152.587,0.682545,200,OK
macOS,Parametro,Jitter,10,10,0,tls13,4,0.122756,0.269532,146.776,0.713796,200,OK
macOS,Parametro,Jitter,10,10,0,tls13,5,0.114382,0.255784,141.402,0.695663,200,OK
macOS,Parametro,Jitter,10,10,0,tls13,6,0.111098,0.255841,144.743,0.784958,200,OK
macOS,Parametro,Jitter,10,10,0,tls13,7,0.114311,0.260544,146.233,0.683351,200,OK
macOS,Parametro,Jitter,10,10,0,tls13,8,0.112463,0.258974,146.511,0.801918,200,OK
macOS,Parametro,Jitter,10,10,0,tls13,9,0.112375,0.260923,148.548,0.675316,200,OK
macOS,Parametro,Jitter,10,10,0,tls13,10,0.111169,0.255726,144.557,0.698258,200,OK
macOS,Parametro,Jitter,10,10,0,tls13,11,0.113827,0.266672,152.845,0.704032,200,OK
macOS,Parametro,Jitter,10,10,0,tls13,12,0.111586,0.259477,147.891,0.69351,200,OK
macOS,Parametro,Jitter,10,10,0,tls13,13,0.112199,0.258698,146.499,0.795119,200,OK
macOS,Parametro,Jitter,10,10,0,tls13,14,0.112967,0.26155,148.583,0.691937,200,OK
macOS,Parametro,Jitter,10,10,0,tls13,15,0.111281,0.262867,151.586,0.683295,200,OK
macOS,Parametro,Jitter,10,10,0,tls13,16,0.114123,0.258216,144.093,0.66668,200,OK
macOS,Parametro,Jitter,10,10,0,tls13,17,0.123355,0.550402,427.047,1.015881,200,OK
macOS,Parametro,Jitter,10,10,0,tls13,18,0.116422,0.260214,143.792,0.693149,200,OK
macOS,Parametro,Jitter,10,10,0,tls13,19,0.113268,0.25642,143.152,0.692988,200,OK
macOS,Parametro,Jitter,10,10,0,tls13,20,0.128601,0.275743,147.142,0.707861,200,OK
macOS,Parametro,Jitter,10,10,0,tls13,21,0.113607,0.260431,146.824,0.689284,200,OK
macOS,Parametro,Jitter,10,10,0,tls13,22,0.113121,0.255405,142.284,0.687107,200,OK
macOS,Parametro,Jitter,10,10,0,tls13,23,0.121085,0.266886,145.801,0.673554,200,OK
macOS,Parametro,Jitter,10,10,0,tls13,24,0.112681,0.266088,153.407,0.692865,200,OK
macOS,Parametro,Jitter,10,10,0,tls13,25,0.113197,0.263079,149.882,0.689921,200,OK
macOS,Parametro,Jitter,10,10,0,tls13,26,0.111546,0.255194,143.648,0.784558,200,OK
macOS,Parametro,Jitter,10,10,0,tls13,27,0.11317,0.270412,157.242,0.696682,200,OK
macOS,Parametro,Jitter,10,10,0,tls13,28,0.113916,0.255691,141.775,0.672816,200,OK
macOS,Parametro,Jitter,10,10,0,tls13,29,0.113408,0.256302,142.894,0.692939,200,OK
macOS,Parametro,Jitter,10,10,0,tls13,30,0.118973,0.376643,257.67,0.947718,200,OK
macOS,Parametro,Jitter,10,10,0,tls13,31,0.116088,0.258377,142.289,0.815581,200,OK
macOS,Parametro,Jitter,10,10,0,tls13,32,0.116698,0.34553,228.832,1.008804,200,OK
macOS,Parametro,Jitter,10,10,0,tls13,33,0.116038,0.347402,231.364,0.963498,200,OK
macOS,Parametro,Jitter,10,10,0,tls13,34,0.183157,0.395884,212.727,0.999789,200,OK
macOS,Parametro,Jitter,10,10,0,tls13,35,0.172372,0.401117,228.745,0.986332,200,OK
macOS,Parametro,Jitter,10,10,0,tls13,36,0.192233,0.421593,229.36,0.957187,200,OK
macOS,Parametro,Jitter,10,10,0,tls13,37,0.114788,0.279146,164.358,0.814913,200,OK
macOS,Parametro,Jitter,10,10,0,tls13,38,0.114949,0.26089,145.941,0.961781,200,OK
macOS,Parametro,Jitter,10,10,0,tls13,39,0.159093,0.306403,147.31,0.865257,200,OK
macOS,Parametro,Jitter,10,10,0,tls13,40,0.113054,0.345098,232.044,0.979786,200,OK
macOS,Parametro,Jitter,10,10,0,tls13,41,0.147207,0.381465,234.258,1.012508,200,OK
macOS,Parametro,Jitter,10,10,0,tls13,42,0.155112,0.388358,233.246,1.014478,200,OK
macOS,Parametro,Jitter,10,10,0,tls13,43,0.150596,0.376319,225.723,0.911535,200,OK
macOS,Parametro,Jitter,10,10,0,tls13,44,0.113802,0.284196,170.394,0.805715,200,OK
macOS,Parametro,Jitter,10,10,0,tls13,45,0.140678,0.283307,142.629,0.990581,200,OK
macOS,Parametro,Jitter,10,10,0,tls13,46,0.15833,0.308364,150.034,0.816754,200,OK
macOS,Parametro,Jitter,10,10,0,tls13,47,0.145755,0.292234,146.479,0.890771,200,OK
macOS,Parametro,Jitter,10,10,0,tls13,48,0.113562,0.293792,180.23,0.781342,200,OK
macOS,Parametro,Jitter,10,10,0,tls13,49,0.113501,0.259312,145.811,0.809792,200,OK
macOS,Parametro,Jitter,10,10,0,tls13,50,0.17982,0.407661,227.841,0.944983,200,OK
macOS,Parametro,Jitter,20,20,0,tls13,1,0.11233,0.33687,224.54,0.869493,200,OK
macOS,Parametro,Jitter,20,20,0,tls13,2,0.111772,0.286361,174.589,0.968118,200,OK
macOS,Parametro,Jitter,20,20,0,tls13,3,0.11213,0.316782,204.652,0.85213,200,OK
macOS,Parametro,Jitter,20,20,0,tls13,4,0.112607,0.259623,147.016,0.953417,200,OK
macOS,Parametro,Jitter,20,20,0,tls13,5,0.163857,0.306585,142.728,0.863914,200,OK
macOS,Parametro,Jitter,20,20,0,tls13,6,0.113971,0.341355,227.384,0.943524,200,OK
macOS,Parametro,Jitter,20,20,0,tls13,7,0.17124,0.399243,228.003,1.007529,200,OK
macOS,Parametro,Jitter,20,20,0,tls13,8,0.181072,0.410061,228.989,1.016393,200,OK
macOS,Parametro,Jitter,20,20,0,tls13,9,0.178758,0.407001,228.243,1.050293,200,OK
macOS,Parametro,Jitter,20,20,0,tls13,10,0.144433,0.374896,230.463,0.977323,200,OK
macOS,Parametro,Jitter,20,20,0,tls13,11,0.176185,0.407165,230.98,1.007945,200,OK
macOS,Parametro,Jitter,20,20,0,tls13,12,0.176261,0.403533,227.272,1.016673,200,OK
macOS,Parametro,Jitter,20,20,0,tls13,13,0.164923,0.396703,231.78,1.014698,200,OK
macOS,Parametro,Jitter,20,20,0,tls13,14,0.176677,0.406245,229.568,1.011291,200,OK
macOS,Parametro,Jitter,20,20,0,tls13,15,0.177989,0.323491,145.502,0.817349,200,OK
macOS,Parametro,Jitter,20,20,0,tls13,16,0.112406,0.261411,149.005,0.677882,200,OK
macOS,Parametro,Jitter,20,20,0,tls13,17,0.195732,0.342901,147.169,0.82529,200,OK
macOS,Parametro,Jitter,20,20,0,tls13,18,0.117543,0.2595,141.957,0.690859,200,OK
macOS,Parametro,Jitter,20,20,0,tls13,19,0.113716,0.258614,144.898,0.684048,200,OK
macOS,Parametro,Jitter,20,20,0,tls13,20,0.116946,0.260839,143.893,0.796903,200,OK
macOS,Parametro,Jitter,20,20,0,tls13,21,0.112318,0.25892,146.602,0.665906,200,OK
macOS,Parametro,Jitter,20,20,0,tls13,22,0.113399,0.264607,151.208,0.704001,200,OK
macOS,Parametro,Jitter,20,20,0,tls13,23,0.112016,0.262483,150.467,0.668956,200,OK
macOS,Parametro,Jitter,20,20,0,tls13,24,0.112371,0.259732,147.361,0.786011,200,OK
macOS,Parametro,Jitter,20,20,0,tls13,25,0.112197,0.254495,142.298,0.659618,200,OK
macOS,Parametro,Jitter,20,20,0,tls13,26,0.111894,0.25584,143.946,0.67018,200,OK
macOS,Parametro,Jitter,20,20,0,tls13,27,0.115242,0.260744,145.502,0.691025,200,OK
macOS,Parametro,Jitter,20,20,0,tls13,28,0.112999,0.255899,142.9,0.710957,200,OK
macOS,Parametro,Jitter,20,20,0,tls13,29,0.125824,0.271923,146.099,0.709011,200,OK
macOS,Parametro,Jitter,20,20,0,tls13,30,0.111405,0.264201,152.796,0.678625,200,OK
macOS,Parametro,Jitter,20,20,0,tls13,31,0.113238,0.265468,152.23,0.676528,200,OK
macOS,Parametro,Jitter,20,20,0,tls13,32,0.124224,0.266441,142.217,0.674414,200,OK
macOS,Parametro,Jitter,20,20,0,tls13,33,0.119372,0.264738,145.366,0.709975,200,OK
macOS,Parametro,Jitter,20,20,0,tls13,34,0.111405,0.268297,156.892,0.681672,200,OK
macOS,Parametro,Jitter,20,20,0,tls13,35,0.117437,0.441357,323.92,0.869446,200,OK
macOS,Parametro,Jitter,20,20,0,tls13,36,0.180255,0.637116,456.861,1.078716,200,OK
macOS,Parametro,Jitter,20,20,0,tls13,37,0.219087,0.456614,237.527,0.890368,200,OK
macOS,Parametro,Jitter,20,20,0,tls13,38,0.127086,0.267661,140.575,0.696478,200,OK
macOS,Parametro,Jitter,20,20,0,tls13,39,0.11652,0.258672,142.152,0.792565,200,OK
macOS,Parametro,Jitter,20,20,0,tls13,40,0.11298,0.257102,144.122,0.685529,200,OK
macOS,Parametro,Jitter,20,20,0,tls13,41,0.114342,0.257522,143.18,0.683606,200,OK
macOS,Parametro,Jitter,20,20,0,tls13,42,0.120572,0.265199,144.627,0.811874,200,OK
macOS,Parametro,Jitter,20,20,0,tls13,43,0.121616,0.267738,146.122,0.698379,200,OK
macOS,Parametro,Jitter,20,20,0,tls13,44,0.116743,0.260719,143.976,0.700518,200,OK
macOS,Parametro,Jitter,20,20,0,tls13,45,0.112057,0.260771,148.714,0.793496,200,OK
macOS,Parametro,Jitter,20,20,0,tls13,46,0.112216,0.26193,149.714,0.684843,200,OK
macOS,Parametro,Jitter,20,20,0,tls13,47,0.117019,0.262383,145.364,0.687848,200,OK
macOS,Parametro,Jitter,20,20,0,tls13,48,0.115662,0.260732,145.07,0.69498,200,OK
macOS,Parametro,Jitter,20,20,0,tls13,49,0.113825,0.258946,145.121,0.684902,200,OK
macOS,Parametro,Jitter,20,20,0,tls13,50,0.113631,0.258573,144.942,0.68731,200,OK
macOS,Parametro,Jitter,50,50,0,tls13,1,0.111808,0.25957,147.762,0.688183,200,OK
macOS,Parametro,Jitter,50,50,0,tls13,2,0.113161,0.269137,155.976,0.805131,200,OK
macOS,Parametro,Jitter,50,50,0,tls13,3,0.111462,0.258427,146.965,0.784041,200,OK
macOS,Parametro,Jitter,50,50,0,tls13,4,0.112321,0.263482,151.161,0.696996,200,OK
macOS,Parametro,Jitter,50,50,0,tls13,5,0.123091,0.267897,144.806,0.678032,200,OK
macOS,Parametro,Jitter,50,50,0,tls13,6,0.124431,0.269557,145.126,0.688871,200,OK
macOS,Parametro,Jitter,50,50,0,tls13,7,0.181772,0.331821,150.049,0.785469,200,OK
macOS,Parametro,Jitter,50,50,0,tls13,8,0.118034,0.263952,145.918,0.701338,200,OK
macOS,Parametro,Jitter,50,50,0,tls13,9,0.121002,0.267156,146.154,0.705769,200,OK
macOS,Parametro,Jitter,50,50,0,tls13,10,0.113877,0.259256,145.379,0.6705,200,OK
macOS,Parametro,Jitter,50,50,0,tls13,11,0.114788,0.257165,142.377,0.789938,200,OK
macOS,Parametro,Jitter,50,50,0,tls13,12,0.113727,0.257434,143.707,0.685614,200,OK
macOS,Parametro,Jitter,50,50,0,tls13,13,0.118254,0.272067,153.813,0.720477,200,OK
macOS,Parametro,Jitter,50,50,0,tls13,14,0.114045,0.261113,147.068,0.685158,200,OK
macOS,Parametro,Jitter,50,50,0,tls13,15,0.116452,0.264007,147.555,0.794178,200,OK
macOS,Parametro,Jitter,50,50,0,tls13,16,0.112527,0.25635,143.823,0.812121,200,OK
macOS,Parametro,Jitter,50,50,0,tls13,17,0.170767,0.351425,180.658,0.887021,200,OK
macOS,Parametro,Jitter,50,50,0,tls13,18,0.113485,0.260081,146.596,0.792886,200,OK
macOS,Parametro,Jitter,50,50,0,tls13,19,0.124823,0.355595,230.772,0.95822,200,OK
macOS,Parametro,Jitter,50,50,0,tls13,20,0.185511,0.420582,235.071,1.065454,200,OK
macOS,Parametro,Jitter,50,50,0,tls13,21,0.128091,0.272397,144.306,0.865994,200,OK
macOS,Parametro,Jitter,50,50,0,tls13,22,0.166488,0.400344,233.856,1.031532,200,OK
macOS,Parametro,Jitter,50,50,0,tls13,23,0.141746,0.368344,226.598,0.952517,200,OK
macOS,Parametro,Jitter,50,50,0,tls13,24,0.196753,0.432599,235.846,1.061535,200,OK
macOS,Parametro,Jitter,50,50,0,tls13,25,0.143266,0.370176,226.91,0.890241,200,OK
macOS,Parametro,Jitter,50,50,0,tls13,26,0.110723,0.290861,180.138,0.82469,200,OK
macOS,Parametro,Jitter,50,50,0,tls13,27,0.141076,0.288262,147.186,0.800712,200,OK
macOS,Parametro,Jitter,50,50,0,tls13,28,0.13082,0.360118,229.298,0.987117,200,OK
macOS,Parametro,Jitter,50,50,0,tls13,29,0.147806,0.378331,230.525,1.017688,200,OK
macOS,Parametro,Jitter,50,50,0,tls13,30,0.154444,0.38196,227.516,0.992155,200,OK
macOS,Parametro,Jitter,50,50,0,tls13,31,0.175889,0.402598,226.709,1.040091,200,OK
macOS,Parametro,Jitter,50,50,0,tls13,32,0.139156,0.365309,226.153,1.005623,200,OK
macOS,Parametro,Jitter,50,50,0,tls13,33,0.145462,0.294991,149.529,0.778874,200,OK
macOS,Parametro,Jitter,50,50,0,tls13,34,0.112412,0.255275,142.863,0.708651,200,OK
macOS,Parametro,Jitter,50,50,0,tls13,35,0.163875,0.316274,152.399,0.794347,200,OK
macOS,Parametro,Jitter,50,50,0,tls13,36,0.117073,0.352735,235.662,0.799484,200,OK
macOS,Parametro,Jitter,50,50,0,tls13,37,0.114297,0.284143,169.846,0.914062,200,OK
macOS,Parametro,Jitter,50,50,0,tls13,38,0.145638,0.379496,233.858,0.981748,200,OK
macOS,Parametro,Jitter,50,50,0,tls13,39,0.176093,0.407432,231.339,1.012989,200,OK
macOS,Parametro,Jitter,50,50,0,tls13,40,0.18119,0.41263,231.44,1.01623,200,OK
macOS,Parametro,Jitter,50,50,0,tls13,41,0.173954,0.402842,228.888,1.040886,200,OK
macOS,Parametro,Jitter,50,50,0,tls13,42,0.151168,0.38028,229.112,1.015506,200,OK
macOS,Parametro,Jitter,50,50,0,tls13,43,0.159919,0.379709,219.79,0.915564,200,OK
macOS,Parametro,Jitter,50,50,0,tls13,44,0.114501,0.278058,163.557,0.803229,200,OK
macOS,Parametro,Jitter,50,50,0,tls13,45,0.130273,0.282982,152.709,0.883906,200,OK
macOS,Parametro,Jitter,50,50,0,tls13,46,0.113394,0.291592,178.198,0.891047,200,OK
macOS,Parametro,Jitter,50,50,0,tls13,47,0.175387,0.411074,235.687,0.938712,200,OK
macOS,Parametro,Jitter,50,50,0,tls13,48,0.119872,0.284972,165.1,0.81622,200,OK
macOS,Parametro,Jitter,50,50,0,tls13,49,0.113802,0.256891,143.089,0.953711,200,OK
macOS,Parametro,Jitter,50,50,0,tls13,50,0.160641,0.308121,147.48,0.841383,200,OK
macOS,Escenario,Servidor_Internacional,200,10,0,tls13,1,0.216125,0.5429,326.775,1.287251,200,OK
macOS,Escenario,Servidor_Internacional,200,10,0,tls13,2,0.26806,0.511189,243.129,1.318286,200,OK
macOS,Escenario,Servidor_Internacional,200,10,0,tls13,3,0.213367,0.51583,302.463,1.290513,200,OK
macOS,Escenario,Servidor_Internacional,200,10,0,tls13,4,0.221051,0.476056,255.005,1.310367,200,OK
macOS,Escenario,Servidor_Internacional,200,10,0,tls13,5,0.215265,0.460243,244.978,1.183827,200,OK
macOS,Escenario,Servidor_Internacional,200,10,0,tls13,6,0.225158,0.475228,250.07,1.22142,200,OK
macOS,Escenario,Servidor_Internacional,200,10,0,tls13,7,0.211718,0.452828,241.11,1.165143,200,OK
macOS,Escenario,Servidor_Internacional,200,10,0,tls13,8,0.216918,0.46021,243.292,1.183582,200,OK
macOS,Escenario,Servidor_Internacional,200,10,0,tls13,9,0.231678,0.479473,247.795,1.210167,200,OK
macOS,Escenario,Servidor_Internacional,200,10,0,tls13,10,0.210022,0.456018,245.996,1.159884,200,OK
macOS,Escenario,Servidor_Internacional,200,10,0,tls13,11,0.213369,0.457,243.631,1.170141,200,OK
macOS,Escenario,Servidor_Internacional,200,10,0,tls13,12,0.227443,0.471447,244.004,1.206291,200,OK
macOS,Escenario,Servidor_Internacional,200,10,0,tls13,13,0.212683,0.460148,247.465,1.187433,200,OK
macOS,Escenario,Servidor_Internacional,200,10,0,tls13,14,0.213157,0.457446,244.289,1.191088,200,OK
macOS,Escenario,Servidor_Internacional,200,10,0,tls13,15,0.212198,0.458764,246.566,1.173965,200,OK
macOS,Escenario,Servidor_Internacional,200,10,0,tls13,16,0.213569,0.45932,245.751,1.188323,200,OK
macOS,Escenario,Servidor_Internacional,200,10,0,tls13,17,0.213954,0.459569,245.615,1.170213,200,OK
macOS,Escenario,Servidor_Internacional,200,10,0,tls13,18,0.212047,0.454,241.953,1.198709,200,OK
macOS,Escenario,Servidor_Internacional,200,10,0,tls13,19,0.215881,0.461763,245.882,1.194703,200,OK
macOS,Escenario,Servidor_Internacional,200,10,0,tls13,20,0.214516,0.457908,243.392,1.184857,200,OK
macOS,Escenario,Servidor_Internacional,200,10,0,tls13,21,0.22745,0.47117,243.72,1.205149,200,OK
macOS,Escenario,Servidor_Internacional,200,10,0,tls13,22,0.218293,0.463298,245.005,1.174114,200,OK
macOS,Escenario,Servidor_Internacional,200,10,0,tls13,23,0.212018,0.457897,245.879,1.187161,200,OK
macOS,Escenario,Servidor_Internacional,200,10,0,tls13,24,0.212402,0.463553,251.151,1.165379,200,OK
macOS,Escenario,Servidor_Internacional,200,10,0,tls13,25,0.211521,0.462224,250.703,1.165627,200,OK
macOS,Escenario,Servidor_Internacional,200,10,0,tls13,26,0.213776,0.463717,249.941,1.291867,200,OK
macOS,Escenario,Servidor_Internacional,200,10,0,tls13,27,0.21237,0.461863,249.493,1.185625,200,OK
macOS,Escenario,Servidor_Internacional,200,10,0,tls13,28,0.214092,0.459125,245.033,1.169328,200,OK
macOS,Escenario,Servidor_Internacional,200,10,0,tls13,29,0.213617,0.461354,247.737,1.190676,200,OK
macOS,Escenario,Servidor_Internacional,200,10,0,tls13,30,0.214566,0.471132,256.566,1.202217,200,OK
macOS,Escenario,Servidor_Internacional,200,10,0,tls13,31,0.21504,0.462424,247.384,1.204529,200,OK
macOS,Escenario,Servidor_Internacional,200,10,0,tls13,32,0.213606,0.459647,246.041,1.196169,200,OK
macOS,Escenario,Servidor_Internacional,200,10,0,tls13,33,0.212277,0.459761,247.484,1.21323,200,OK
macOS,Escenario,Servidor_Internacional,200,10,0,tls13,34,0.211843,0.459435,247.592,1.287787,200,OK
macOS,Escenario,Servidor_Internacional,200,10,0,tls13,35,0.211374,0.462884,251.51,1.200835,200,OK
macOS,Escenario,Servidor_Internacional,200,10,0,tls13,36,0.216364,0.466706,250.342,1.220054,200,OK
macOS,Escenario,Servidor_Internacional,200,10,0,tls13,37,0.211141,0.456934,245.793,1.303283,200,OK
macOS,Escenario,Servidor_Internacional,200,10,0,tls13,38,0.210596,0.455748,245.152,1.328231,200,OK
macOS,Escenario,Servidor_Internacional,200,10,0,tls13,39,0.284097,0.611815,327.718,1.401304,200,OK
macOS,Escenario,Servidor_Internacional,200,10,0,tls13,40,0.213997,0.45641,242.413,1.315508,200,OK
macOS,Escenario,Servidor_Internacional,200,10,0,tls13,41,0.289183,0.549174,259.991,1.423722,200,OK
macOS,Escenario,Servidor_Internacional,200,10,0,tls13,42,0.21316,0.471714,258.554,1.29908,200,OK
macOS,Escenario,Servidor_Internacional,200,10,0,tls13,43,0.285877,0.616272,330.395,1.348118,200,OK
macOS,Escenario,Servidor_Internacional,200,10,0,tls13,44,0.283838,0.541232,257.394,1.333906,200,OK
macOS,Escenario,Servidor_Internacional,200,10,0,tls13,45,0.214458,0.48897,274.512,1.252848,200,OK
macOS,Escenario,Servidor_Internacional,200,10,0,tls13,46,0.22061,0.463698,243.088,1.361924,200,OK
macOS,Escenario,Servidor_Internacional,200,10,0,tls13,47,0.217289,0.462967,245.678,1.305159,200,OK
macOS,Escenario,Servidor_Internacional,200,10,0,tls13,48,0.221553,0.475186,253.633,1.324195,200,OK
macOS,Escenario,Servidor_Internacional,200,10,0,tls13,49,0.286296,0.531696,245.4,1.35028,200,OK
macOS,Escenario,Servidor_Internacional,200,10,0,tls13,50,0.212373,0.497152,284.779,1.279977,200,OK
macOS,Escenario,WiFi_Publico,80,30,3,tls13,1,0.091792,0.297987,206.195,0.781424,200,OK
macOS,Escenario,WiFi_Publico,80,30,3,tls13,2,0.092247,0.291821,199.574,0.675545,200,OK
macOS,Escenario,WiFi_Publico,80,30,3,tls13,3,0.096646,0.294393,197.747,0.814645,200,OK
macOS,Escenario,WiFi_Publico,80,30,3,tls13,4,0.092806,0.282879,190.073,0.656172,200,OK
macOS,Escenario,WiFi_Publico,80,30,3,tls13,5,0.104072,0.300273,196.201,0.821724,200,OK
macOS,Escenario,WiFi_Publico,80,30,3,tls13,6,0.092618,0.296109,203.491,0.679056,200,OK
macOS,Escenario,WiFi_Publico,80,30,3,tls13,7,0.091604,0.265679,174.075,0.797433,200,OK
macOS,Escenario,WiFi_Publico,80,30,3,tls13,8,0.093031,0.306655,213.624,0.973763,200,OK
macOS,Escenario,WiFi_Publico,80,30,3,tls13,9,0.096302,0.308882,212.58,0.811898,200,OK
macOS,Escenario,WiFi_Publico,80,30,3,tls13,10,0.140923,0.267825,126.902,0.801714,200,OK
macOS,Escenario,WiFi_Publico,80,30,3,tls13,11,0.162874,0.351195,188.321,0.872481,200,OK
macOS,Escenario,WiFi_Publico,80,30,3,tls13,12,0.105677,0.312258,206.581,1.007079,200,OK
macOS,Escenario,WiFi_Publico,80,30,3,tls13,13,0.103991,0.277132,173.141,1.48728,200,OK
macOS,Escenario,WiFi_Publico,80,30,3,tls13,14,0.093528,0.28274,189.212,0.818631,200,OK
macOS,Escenario,WiFi_Publico,80,30,3,tls13,15,0.147659,0.565999,418.34,1.119149,200,OK
macOS,Escenario,WiFi_Publico,80,30,3,tls13,16,0.09734,0.23242,135.08,0.735717,200,OK
macOS,Escenario,WiFi_Publico,80,30,3,tls13,17,0.117285,0.240249,122.964,0.657298,200,OK
macOS,Escenario,WiFi_Publico,80,30,3,tls13,18,0.091456,0.217838,126.382,0.678863,200,OK
macOS,Escenario,WiFi_Publico,80,30,3,tls13,19,0.091824,0.227158,135.334,0.597154,200,OK
macOS,Escenario,WiFi_Publico,80,30,3,tls13,20,0.095621,0.220333,124.712,0.596613,200,OK
macOS,Escenario,WiFi_Publico,80,30,3,tls13,21,0.093265,0.221611,128.346,0.58359,200,OK
macOS,Escenario,WiFi_Publico,80,30,3,tls13,22,0.092235,0.220932,128.697,0.701211,200,OK
macOS,Escenario,WiFi_Publico,80,30,3,tls13,23,0.096281,0.217662,121.381,0.599456,200,OK
macOS,Escenario,WiFi_Publico,80,30,3,tls13,24,0.098013,0.22081,122.797,0.619839,200,OK
macOS,Escenario,WiFi_Publico,80,30,3,tls13,25,0.092782,0.220416,127.634,0.599426,200,OK
macOS,Escenario,WiFi_Publico,80,30,3,tls13,26,0.092433,0.213665,121.232,0.589384,200,OK
macOS,Escenario,WiFi_Publico,80,30,3,tls13,27,0.093893,0.215791,121.898,0.59981,200,OK
macOS,Escenario,WiFi_Publico,80,30,3,tls13,28,0.0959,0.216834,120.934,0.579866,200,OK
macOS,Escenario,WiFi_Publico,80,30,3,tls13,29,0.091122,0.21583,124.708,0.589143,200,OK
macOS,Escenario,WiFi_Publico,80,30,3,tls13,30,0.093662,0.221213,127.551,0.571522,200,OK
macOS,Escenario,WiFi_Publico,80,30,3,tls13,31,0.295237,0.424449,129.212,0.781163,200,OK
macOS,Escenario,WiFi_Publico,80,30,3,tls13,32,0.090876,0.21889,128.014,0.60264,200,OK
macOS,Escenario,WiFi_Publico,80,30,3,tls13,33,0.092318,0.215458,123.14,0.593849,200,OK
macOS,Escenario,WiFi_Publico,80,30,3,tls13,34,0.094625,0.218943,124.318,0.57495,200,OK
macOS,Escenario,WiFi_Publico,80,30,3,tls13,35,0.092439,0.396744,304.305,0.947771,200,OK
macOS,Escenario,WiFi_Publico,80,30,3,tls13,36,0.092268,0.230038,137.77,0.60417,200,OK
macOS,Escenario,WiFi_Publico,80,30,3,tls13,37,0.093409,0.218829,125.42,0.610065,200,OK
macOS,Escenario,WiFi_Publico,80,30,3,tls13,38,0.09407,0.225308,131.238,0.604385,200,OK
macOS,Escenario,WiFi_Publico,80,30,3,tls13,39,0.11024,0.231885,121.645,0.621543,200,OK
macOS,Escenario,WiFi_Publico,80,30,3,tls13,40,0.091003,0.219076,128.073,0.594178,200,OK
macOS,Escenario,WiFi_Publico,80,30,3,tls13,41,0.090765,0.215047,124.282,0.779197,200,OK
macOS,Escenario,WiFi_Publico,80,30,3,tls13,42,0.092271,0.218236,125.965,0.559889,200,OK
macOS,Escenario,WiFi_Publico,80,30,3,tls13,43,0.091395,0.216953,125.558,0.689471,200,OK
macOS,Escenario,WiFi_Publico,80,30,3,tls13,44,0.090538,0.216532,125.994,0.590847,200,OK
macOS,Escenario,WiFi_Publico,80,30,3,tls13,45,0.091596,0.219499,127.903,0.583885,200,OK
macOS,Escenario,WiFi_Publico,80,30,3,tls13,46,0.093592,0.221767,128.175,0.598837,200,OK
macOS,Escenario,WiFi_Publico,80,30,3,tls13,47,0.093242,0.218702,125.46,0.650002,200,OK
macOS,Escenario,WiFi_Publico,80,30,3,tls13,48,0.093428,0.214768,121.34,0.592917,200,OK
macOS,Escenario,WiFi_Publico,80,30,3,tls13,49,0.092361,0.22232,129.959,0.568329,200,OK
macOS,Escenario,WiFi_Publico,80,30,3,tls13,50,0.091853,0.216512,124.659,0.683019,200,OK
macOS,Escenario,Datos_Moviles,100,40,1,tls13,1,0.113582,0.262199,148.617,0.690799,200,OK
macOS,Escenario,Datos_Moviles,100,40,1,tls13,2,0.111751,0.256797,145.046,0.690343,200,OK
macOS,Escenario,Datos_Moviles,100,40,1,tls13,3,0.113882,0.266234,152.352,0.694682,200,OK
macOS,Escenario,Datos_Moviles,100,40,1,tls13,4,0.114284,0.267902,153.618,0.792812,200,OK
macOS,Escenario,Datos_Moviles,100,40,1,tls13,5,0.116246,0.25906,142.814,0.690711,200,OK
macOS,Escenario,Datos_Moviles,100,40,1,tls13,6,0.111454,0.261689,150.235,0.685564,200,OK
macOS,Escenario,Datos_Moviles,100,40,1,tls13,7,0.117107,0.262634,145.527,0.697207,200,OK
macOS,Escenario,Datos_Moviles,100,40,1,tls13,8,0.123824,0.274615,150.791,0.70176,200,OK
macOS,Escenario,Datos_Moviles,100,40,1,tls13,9,0.112919,0.253846,140.927,0.695071,200,OK
macOS,Escenario,Datos_Moviles,100,40,1,tls13,10,0.112009,0.256027,144.018,0.684839,200,OK
macOS,Escenario,Datos_Moviles,100,40,1,tls13,11,0.111536,0.255469,143.933,0.787151,200,OK
macOS,Escenario,Datos_Moviles,100,40,1,tls13,12,0.112959,0.259259,146.3,0.687573,200,OK
macOS,Escenario,Datos_Moviles,100,40,1,tls13,13,0.111032,0.253373,142.341,0.683316,200,OK
macOS,Escenario,Datos_Moviles,100,40,1,tls13,14,0.112022,0.257656,145.634,0.691668,200,OK
macOS,Escenario,Datos_Moviles,100,40,1,tls13,15,0.112979,0.259584,146.605,0.690287,200,OK
macOS,Escenario,Datos_Moviles,100,40,1,tls13,16,0.114481,0.257227,142.746,0.689704,200,OK
macOS,Escenario,Datos_Moviles,100,40,1,tls13,17,0.112248,0.257578,145.33,0.689472,200,OK
macOS,Escenario,Datos_Moviles,100,40,1,tls13,18,0.123423,0.26676,143.337,0.695639,200,OK
macOS,Escenario,Datos_Moviles,100,40,1,tls13,19,0.114566,0.258883,144.317,0.713273,200,OK
macOS,Escenario,Datos_Moviles,100,40,1,tls13,20,0.113707,0.255751,142.044,0.663541,200,OK
macOS,Escenario,Datos_Moviles,100,40,1,tls13,21,0.113085,0.257201,144.116,0.68654,200,OK
macOS,Escenario,Datos_Moviles,100,40,1,tls13,22,0.112187,0.260629,148.442,0.669775,200,OK
macOS,Escenario,Datos_Moviles,100,40,1,tls13,23,0.111888,0.273528,161.64,0.683341,200,OK
macOS,Escenario,Datos_Moviles,100,40,1,tls13,24,0.112469,0.255748,143.279,0.677672,200,OK
macOS,Escenario,Datos_Moviles,100,40,1,tls13,25,0.110746,0.255837,145.091,0.752744,200,OK
macOS,Escenario,Datos_Moviles,100,40,1,tls13,26,0.188895,0.419639,230.744,1.053427,200,OK
macOS,Escenario,Datos_Moviles,100,40,1,tls13,27,0.145055,0.370591,225.536,1.018062,200,OK
macOS,Escenario,Datos_Moviles,100,40,1,tls13,28,0.145787,0.374288,228.501,0.908381,200,OK
macOS,Escenario,Datos_Moviles,100,40,1,tls13,29,0.112506,0.273163,160.657,0.813756,200,OK
macOS,Escenario,Datos_Moviles,100,40,1,tls13,30,0.11435,0.282666,168.316,0.961695,200,OK
macOS,Escenario,Datos_Moviles,100,40,1,tls13,31,0.160094,0.312019,151.925,0.911818,200,OK
macOS,Escenario,Datos_Moviles,100,40,1,tls13,32,0.113852,0.29314,179.288,0.897774,200,OK
macOS,Escenario,Datos_Moviles,100,40,1,tls13,33,0.17609,0.406087,229.997,1.01021,200,OK
macOS,Escenario,Datos_Moviles,100,40,1,tls13,34,0.176737,0.421707,244.97,1.041201,200,OK
macOS,Escenario,Datos_Moviles,100,40,1,tls13,35,0.141203,0.367491,226.288,0.903315,200,OK
macOS,Escenario,Datos_Moviles,100,40,1,tls13,36,0.112185,0.273686,161.501,0.775522,200,OK
macOS,Escenario,Datos_Moviles,100,40,1,tls13,37,0.157005,0.308449,151.444,1.004506,200,OK
macOS,Escenario,Datos_Moviles,100,40,1,tls13,38,0.149501,0.293933,144.432,0.854561,200,OK
macOS,Escenario,Datos_Moviles,100,40,1,tls13,39,0.117118,0.379526,262.408,0.981892,200,OK
macOS,Escenario,Datos_Moviles,100,40,1,tls13,40,0.143403,0.372259,228.856,0.91122,200,OK
macOS,Escenario,Datos_Moviles,100,40,1,tls13,41,0.112162,0.276415,164.253,0.961207,200,OK
macOS,Escenario,Datos_Moviles,100,40,1,tls13,42,0.119871,0.31758,197.709,0.9309,200,OK
macOS,Escenario,Datos_Moviles,100,40,1,tls13,43,0.119881,0.2657,145.819,0.699133,200,OK
macOS,Escenario,Datos_Moviles,100,40,1,tls13,44,0.158121,0.305068,146.947,0.794159,200,OK
macOS,Escenario,Datos_Moviles,100,40,1,tls13,45,0.201661,0.438923,237.262,0.929524,200,OK
macOS,Escenario,Datos_Moviles,100,40,1,tls13,46,0.117584,0.261683,144.099,0.953161,200,OK
macOS,Escenario,Datos_Moviles,100,40,1,tls13,47,0.15986,0.308032,148.172,1.003791,200,OK
macOS,Escenario,Datos_Moviles,100,40,1,tls13,48,0.15859,0.303413,144.823,1.007799,200,OK
macOS,Escenario,Datos_Moviles,100,40,1,tls13,49,0.171533,0.31604,144.507,0.866596,200,OK
macOS,Escenario,Datos_Moviles,100,40,1,tls13,50,0.112067,0.336622,224.555,0.975419,200,OK
macOS,Escenario,Red_Degradada,300,50,10,tls13,1,0.31123,0.744641,433.411,1.924581,200,OK
macOS,Escenario,Red_Degradada,300,50,10,tls13,2,0.316474,0.661458,344.984,2.05863,200,OK
macOS,Escenario,Red_Degradada,300,50,10,tls13,3,0.329037,2.489181,2160.144,3.554381,200,OK
macOS,Escenario,Red_Degradada,300,50,10,tls13,4,0.356657,2.672504,2315.847,3.728206,200,OK
macOS,Escenario,Red_Degradada,300,50,10,tls13,5,0.311256,0.660853,349.597,1.728502,200,OK
macOS,Escenario,Red_Degradada,300,50,10,tls13,6,0.314572,0.66245,347.878,1.706446,200,OK
macOS,Escenario,Red_Degradada,300,50,10,tls13,7,0.311963,0.653755,341.792,1.986905,200,OK
macOS,Escenario,Red_Degradada,300,50,10,tls13,8,0.312327,0.660178,347.851,1.689364,200,OK
macOS,Escenario,Red_Degradada,300,50,10,tls13,9,0.311124,0.659399,348.275,2.852141,200,OK
macOS,Escenario,Red_Degradada,300,50,10,tls13,10,0.3116,0.661306,349.706,1.793425,200,OK
macOS,Escenario,Red_Degradada,300,50,10,tls13,11,0.312722,0.662566,349.844,1.698446,200,OK
macOS,Escenario,Red_Degradada,300,50,10,tls13,12,0.318869,0.663561,344.692,1.685327,200,OK
macOS,Escenario,Red_Degradada,300,50,10,tls13,13,0.311761,0.654131,342.37,1.658391,200,OK
macOS,Escenario,Red_Degradada,300,50,10,tls13,14,0.315648,0.663471,347.823,2.981607,200,OK
macOS,Escenario,Red_Degradada,300,50,10,tls13,15,0.518697,1.485983,967.286,2.622031,200,OK
macOS,Escenario,Red_Degradada,300,50,10,tls13,16,0.315655,0.674661,359.006,1.683464,200,OK
macOS,Escenario,Red_Degradada,300,50,10,tls13,17,0.315555,0.665804,350.249,1.67685,200,OK
macOS,Escenario,Red_Degradada,300,50,10,tls13,18,0.3149,0.661242,346.342,1.691869,200,OK
macOS,Escenario,Red_Degradada,300,50,10,tls13,19,0.3121,0.656603,344.503,1.694317,200,OK
macOS,Escenario,Red_Degradada,300,50,10,tls13,20,0.310709,0.659459,348.75,1.781845,200,OK
macOS,Escenario,Red_Degradada,300,50,10,tls13,21,0.363378,2.458152,2094.774,3.909336,200,OK
macOS,Escenario,Red_Degradada,300,50,10,tls13,22,0.314585,0.659866,345.281,1.675809,200,OK
macOS,Escenario,Red_Degradada,300,50,10,tls13,23,0.320544,0.675079,354.535,1.715586,200,OK
macOS,Escenario,Red_Degradada,300,50,10,tls13,24,0.315392,0.66301,347.618,1.733952,200,OK
macOS,Escenario,Red_Degradada,300,50,10,tls13,25,0.311089,0.677541,366.452,1.803346,200,OK
macOS,Escenario,Red_Degradada,300,50,10,tls13,26,0.355578,0.714287,358.709,1.926852,200,OK
macOS,Escenario,Red_Degradada,300,50,10,tls13,27,0.317821,0.663085,345.264,1.855356,200,OK
macOS,Escenario,Red_Degradada,300,50,10,tls13,28,0.313336,0.696172,382.836,2.232019,200,OK
macOS,Escenario,Red_Degradada,300,50,10,tls13,29,0.311591,0.654126,342.535,1.859301,200,OK
macOS,Escenario,Red_Degradada,300,50,10,tls13,30,0.312022,0.702735,390.713,2.103919,200,OK
macOS,Escenario,Red_Degradada,300,50,10,tls13,31,0.312944,0.67715,364.206,2.212689,200,OK
macOS,Escenario,Red_Degradada,300,50,10,tls13,32,0.317383,1.337659,1020.276,2.47643,200,OK
macOS,Escenario,Red_Degradada,300,50,10,tls13,33,0.516373,0.91565,399.277,2.455164,200,OK
macOS,Escenario,Red_Degradada,300,50,10,tls13,34,0.312104,0.686569,374.465,1.812547,200,OK
macOS,Escenario,Red_Degradada,300,50,10,tls13,35,0.378416,2.835886,2457.47,4.051529,200,OK
macOS,Escenario,Red_Degradada,300,50,10,tls13,36,0.312763,0.661666,348.903,1.699912,200,OK
macOS,Escenario,Red_Degradada,300,50,10,tls13,37,0.311408,0.65645,345.042,2.041248,200,OK
macOS,Escenario,Red_Degradada,300,50,10,tls13,38,0.315131,0.663917,348.786,1.882181,200,OK
macOS,Escenario,Red_Degradada,300,50,10,tls13,39,0.313778,0.660765,346.987,1.718395,200,OK
macOS,Escenario,Red_Degradada,300,50,10,tls13,40,0.326078,0.672517,346.439,1.762394,200,OK
macOS,Escenario,Red_Degradada,300,50,10,tls13,41,0.385148,0.727435,342.287,2.149283,200,OK
macOS,Escenario,Red_Degradada,300,50,10,tls13,42,0.312854,0.659507,346.653,1.729124,200,OK
macOS,Escenario,Red_Degradada,300,50,10,tls13,43,0.338318,1.331345,993.027,2.351672,200,OK
macOS,Escenario,Red_Degradada,300,50,10,tls13,44,0.312938,2.402392,2089.454,3.437169,200,OK
macOS,Escenario,Red_Degradada,300,50,10,tls13,45,0.319786,0.664819,345.033,1.689212,200,OK
macOS,Escenario,Red_Degradada,300,50,10,tls13,46,0.514902,0.858062,343.16,1.892623,200,OK
macOS,Escenario,Red_Degradada,300,50,10,tls13,47,0.311705,2.39961,2087.905,3.430984,200,OK
macOS,Escenario,Red_Degradada,300,50,10,tls13,48,0.317928,0.662309,344.381,1.680582,200,OK
macOS,Escenario,Red_Degradada,300,50,10,tls13,49,0.33803,0.695128,357.098,2.056903,200,OK
macOS,Escenario,Red_Degradada,300,50,10,tls13,50,0.315179,0.662393,347.214,1.709192,200,OK
